Test ID,Attach ID
,1613
,1614
,1615
,1616
,1617
,1618
,1619
,1620
,1621
,1622
,1623
,1624
,1625
,1626
,1627
,1628
,1629
,1630
,1631
,1632
,1633
,1634
,1635
,1636
,1637
,1638
,1639
,1640
,1641
,1642
,1643
,1644
,1645
,1646
,1647
,1648
,1649
,1650
,1651
,1652
,1653
,1654
,1655
,1656
,1657
,1658
,1659
,1660
,1661
,1662
,1663
,1664
,1665
,1666
,1667
,1668
,1669
,1670
,1671
,1672
,1673
,1674
,1675
,1676
,1677
,1678
,1679
,1680
,1681
,1682
,1683
,1684
,1685
,1686
,1687
,1688
,1689
,1690
,1691
,1692
,1693
,1694
,1695
,1696
,1697
,1698
,1699
,1700
,1701
,1702
,1703
,1704
,1705
,1706
,1707
,1708
,1709
,1710
,1711
,1712
,1713
,1714
,1715
,1716
,1717
,1718
,1719
,1720
,1721
,1722
,1723
,1724
,1725
,1726
,1727
,1728
,1729
,1730
,1731
,1732
,1733
,1734
,1735
,1736
,1737
,1738
,1739
,1740
,1741
,1742
,1743
,1744
,1745
,1746
,1747
,1748
,1749
,1750
,1751
,1752
,1753
,1754
,1755
,1756
,1757
,1758
,1759
,1760
,1761
,1762
,1763
,1764
,1765
,1766
1,1
2,2
3,3
4,4
5,5
6,6
7,7
8,8
9,9
10,10
11,11
12,12
13,13
14,14
15,15
16,16
17,17
18,18
19,19
20,20
21,21
22,22
23,23
24,24
25,25
26,26
27,27
28,28
29,29
30,30
31,31
32,32
33,33
34,34
35,35
36,36
37,37
38,38
39,39
40,40
41,41
42,42
43,43
44,44
45,45
46,46
47,47
48,48
49,49
50,50
51,51
52,52
53,53
54,54
55,55
56,56
57,57
58,58
59,59
60,60
61,61
62,62
63,63
64,64
65,65
66,66
67,67
68,68
69,69
70,70
71,71
72,72
73,73
74,74
75,75
76,76
77,77
78,78
79,79
80,80
81,81
82,82
83,83
84,84
85,85
86,86
87,87
88,88
89,89
90,90
91,91
92,92
93,93
94,94
95,95
96,96
97,97
98,98
99,99
100,100
101,101
102,102
103,103
104,104
105,105
106,106
107,107
108,108
109,109
110,110
111,111
112,112
113,113
114,114
115,115
116,116
117,117
118,118
119,119
120,120
121,121
122,122
123,123
124,124
125,125
126,126
127,127
128,128
129,129
130,130
131,131
132,132
133,133
134,134
135,135
136,136
137,137
138,138
139,139
140,140
141,141
142,142
143,143
144,144
145,145
146,146
147,147
148,148
149,149
150,150
151,151
152,152
153,153
154,154
155,155
156,156
157,157
158,158
159,159
160,160
161,161
162,162
163,163
164,164
165,165
166,166
167,167
168,168
169,169
170,170
171,171
172,172
173,173
174,174
175,175
176,176
177,177
178,178
179,179
180,180
181,181
182,182
183,183
184,184
185,185
186,186
187,187
188,188
189,189
191,190
192,191
193,192
194,193
195,194
196,195
197,196
198,197
199,198
200,199
201,200
202,201
203,202
204,203
205,204
206,205
207,206
208,207
209,208
210,209
211,210
212,211
213,212
214,213
215,214
216,215
217,216
218,217
219,218
220,219
221,220
222,221
223,222
224,223
225,224
226,225
227,226
228,227
229,228
230,229
231,230
232,231
233,232
234,233
235,234
236,235
237,236
238,237
239,238
240,239
241,240
242,241
243,242
244,243
245,244
246,245
247,246
248,247
249,248
250,249
251,250
252,251
253,252
254,253
255,254
256,255
257,256
258,257
259,258
260,259
261,260
262,261
263,262
264,263
265,264
266,265
267,266
268,267
269,268
270,269
271,270
272,271
273,272
274,273
275,274
276,275
277,276
278,277
279,278
280,279
281,280
282,281
283,282
284,283
285,284
286,285
287,286
288,287
289,288
290,289
291,290
292,291
293,292
294,293
295,294
296,295
297,296
298,297
299,298
300,299
301,300
302,301
303,302
304,303
305,304
306,305
307,306
308,307
309,308
310,309
311,310
312,311
313,312
314,313
315,314
316,315
317,316
318,317
319,318
320,319
321,320
322,321
323,322
324,323
325,324
326,325
327,326
328,327
329,328
330,329
331,330
332,331
333,332
334,333
335,334
336,335
337,336
338,337
339,338
340,339
341,340
342,341
343,342
344,343
345,344
346,345
347,346
348,347
349,348
350,349
351,350
352,351
353,352
354,353
355,354
356,355
357,356
358,357
359,358
360,359
361,360
362,361
363,362
364,363
365,364
366,365
367,366
368,367
369,368
370,369
371,370
372,371
373,372
374,373
375,374
376,375
377,376
378,377
379,378
380,379
381,380
382,381
383,382
384,383
385,384
386,385
387,386
388,387
389,388
390,389
391,390
392,391
393,392
394,393
395,394
396,395
397,396
398,397
399,398
400,399
401,400
402,401
403,402
404,403
405,404
406,405
407,406
408,407
409,408
410,409
411,410
412,411
413,412
414,413
415,414
416,415
417,416
418,417
419,418
420,419
421,420
422,421
423,422
424,423
425,424
426,425
427,426
428,427
429,428
430,429
431,430
432,431
433,432
434,433
435,434
436,435
437,436
438,437
439,438
440,439
441,440
442,441
443,442
444,443
445,444
446,445
447,446
448,447
449,448
450,449
451,450
452,451
453,452
454,453
455,454
456,455
457,456
458,457
459,458
460,459
461,460
462,461
463,462
464,463
465,464
466,465
467,466
468,467
469,468
470,469
471,470
472,471
473,472
474,473
475,474
476,475
477,476
478,477
479,478
480,479
481,480
482,481
483,482
484,483
485,484
486,485
487,486
488,487
489,488
490,489
491,490
492,491
493,492
494,493
495,494
496,495
497,496
498,497
499,498
500,499
501,500
502,501
503,502
504,503
505,504
506,505
507,506
508,507
509,508
510,509
511,510
512,511
513,512
514,513
515,514
516,515
517,516
518,517
519,518
520,519
521,520
522,521
523,522
524,523
525,524
526,525
527,526
528,527
529,528
530,529
531,530
532,531
533,532
534,533
535,534
536,535
537,536
538,537
539,538
540,539
541,540
542,541
543,542
544,543
545,544
546,545
547,546
548,547
549,548
550,549
551,550
552,551
553,552
554,553
555,554
556,555
557,556
558,557
559,558
560,559
561,560
562,561
563,562
564,563
565,564
566,565
567,566
568,567
569,568
570,569
571,570
572,571
573,572
574,573
575,574
576,575
577,576
578,577
579,578
580,579
581,580
582,581
583,582
584,583
585,584
586,585
587,586
588,587
589,588
590,589
591,590
592,591
593,592
594,593
595,594
596,595
597,596
598,597
599,598
600,599
601,600
602,601
603,602
604,603
605,604
606,605
607,606
608,607
609,608
610,609
611,610
612,611
613,612
614,613
615,614
616,615
617,616
618,617
619,618
620,619
621,620
622,621
623,622
624,623
625,624
626,625
627,626
628,627
629,628
630,629
631,630
632,631
633,632
634,633
635,634
636,635
637,636
638,637
639,638
640,639
641,640
642,641
643,642
644,643
645,644
646,645
647,646
648,647
649,648
650,649
651,650
652,651
653,652
654,653
655,654
656,655
657,656
658,657
659,658
660,659
661,660
662,661
663,662
664,663
665,664
666,665
667,666
668,667
669,668
670,669
671,670
672,671
673,672
674,673
675,674
676,675
677,676
678,677
679,678
680,679
681,680
682,681
683,682
684,683
685,684
686,685
687,686
688,687
689,688
690,689
691,690
692,691
693,692
694,693
695,694
696,695
697,696
698,697
699,698
700,699
701,700
702,701
703,702
704,703
705,704
706,705
707,706
708,707
709,708
710,709
711,710
712,711
713,712
714,713
715,714
716,715
717,716
718,717
719,718
720,719
721,720
722,721
723,722
724,723
725,724
726,725
727,726
728,727
729,728
730,729
731,730
732,731
733,732
734,733
735,734
736,735
737,736
738,737
741,738
742,739
743,740
744,741
745,742
746,743
747,744
748,745
749,746
750,747
751,748
752,749
753,750
754,751
755,752
756,753
757,754
758,755
759,756
760,757
761,758
762,759
763,760
764,761
765,762
766,763
767,764
768,765
769,766
770,767
771,768
772,769
773,770
774,771
775,772
776,773
777,774
778,775
779,776
780,777
781,778
782,779
783,780
784,781
785,782
786,783
787,784
788,785
789,786
790,787
791,788
792,789
793,790
794,791
795,792
796,793
797,794
798,795
799,796
800,797
801,798
802,799
803,800
804,801
805,802
806,803
807,804
808,805
809,806
810,807
811,808
812,809
813,810
814,811
815,812
816,813
817,814
818,815
819,816
820,817
821,818
822,819
823,820
824,821
825,822
826,823
827,824
828,825
829,826
830,827
831,828
832,829
833,830
834,831
835,832
836,833
837,834
838,835
839,836
840,837
841,838
842,839
843,840
844,841
845,842
846,843
847,844
848,845
849,846
850,847
851,848
852,849
853,850
854,851
855,852
856,853
857,854
858,855
859,856
860,857
861,858
862,859
863,860
864,861
865,862
866,863
867,864
868,865
869,866
870,867
871,868
872,869
873,870
874,871
875,872
876,873
877,874
878,875
879,876
880,877
881,878
882,879
883,880
884,881
885,882
886,883
887,884
888,885
889,886
890,887
891,888
892,889
893,890
894,891
895,892
896,893
897,894
898,895
899,896
900,897
901,898
902,899
903,900
904,901
905,902
906,903
907,904
908,905
909,906
910,907
911,908
912,909
913,910
914,911
915,912
916,913
917,914
918,915
919,916
920,917
921,918
922,919
923,920
924,921
925,922
926,923
927,924
928,925
929,926
930,927
931,928
932,929
933,930
934,931
935,932
936,933
937,934
938,935
939,936
940,937
941,938
942,939
943,940
944,941
945,942
946,943
947,944
948,945
949,946
950,947
951,948
952,949
953,950
954,951
955,952
956,953
957,954
958,955
959,956
960,957
961,958
962,959
963,960
964,961
965,962
966,963
967,964
968,965
969,966
970,967
971,968
972,969
976,973
977,974
978,975
979,976
980,977
981,978
982,979
983,980
984,981
985,982
986,983
987,984
988,985
989,986
990,987
991,988
992,989
993,990
994,991
995,992
996,993
997,994
998,995
999,996
1000,997
1001,998
1002,999
1003,1000
1004,1001
1005,1002
1006,1003
1007,1004
1008,1005
1009,1006
1010,1007
1011,1008
1012,1009
1013,1010
1014,1011
1015,1012
1016,1013
1017,1014
1018,1015
1019,1016
1020,1017
1021,1018
1022,1019
1023,1020
1024,1021
1025,1022
1026,1023
1027,1024
1028,1025
1029,1026
1030,1027
1031,1028
1032,1029
1033,1030
1034,1031
1035,1032
1036,1033
1037,1034
1038,1035
1039,1036
1040,1037
1041,1038
1042,1039
1043,1040
1044,1041
1045,1042
1046,1043
1047,1044
1048,1045
1049,1046
1050,1047
1051,1048
1052,1049
1053,1050
1054,1051
1055,1052
1056,1053
1057,1054
1058,1055
1059,1056
1060,1057
1061,1058
1062,1059
1063,1060
1064,1061
1065,1062
1066,1063
1067,1064
1068,1065
1069,1066
1070,1067
1071,1068
1072,1069
1073,1070
1074,1071
1075,1072
1076,1073
1077,1074
1078,1075
1079,1076
1080,1077
1086,1078
1087,1079
1088,1080
1089,1081
1090,1082
1091,1083
1092,1084
1093,1085
1094,1086
1095,1087
1096,1088
1097,1089
1098,1090
1099,1091
1100,1092
1101,1093
1102,1094
1103,1095
1104,1096
1105,1097
1106,1098
1107,1099
1108,1100
1109,1101
1110,1102
1111,1103
1112,1104
1113,1105
1114,1106
1115,1107
1116,1108
1117,1109
1118,1110
1119,1111
1120,1112
1121,1113
1122,1114
1123,1115
1124,1116
1125,1117
1126,1118
1127,1119
1128,1120
1129,1121
1130,1122
1131,1123
1132,1124
1133,1125
1134,1126
1135,1127
1136,1128
1137,1129
1138,1130
1139,1131
1140,1132
1141,1133
1142,1134
1143,1135
1144,1136
1145,1137
1146,1138
1147,1139
1148,1140
1149,1141
1150,1142
1151,1143
1152,1144
1153,1145
1154,1146
1155,1147
1156,1148
1157,1149
1158,1150
1159,1151
1160,1152
1161,1153
1162,1154
1163,1155
1164,1156
1165,1157
1166,1158
1167,1159
1168,1160
1169,1161
1170,1162
1171,1163
1172,1164
1173,1165
1174,1166
1175,1167
1176,1168
1177,1169
1178,1170
1179,1171
1180,1172
1181,1173
1182,1174
1183,1175
1184,1176
1185,1177
1186,1178
1187,1179
1188,1180
1189,1181
1190,1182
1191,1183
1192,1184
1193,1185
1194,1186
1195,1187
1196,1188
1197,1189
1198,1190
1199,1191
1200,1192
1201,1193
1202,1194
1203,1195
1204,1196
1205,1197
1206,1198
1207,1199
1208,1200
1209,1201
1210,1202
1211,1203
1212,1204
1213,1205
1214,1206
1215,1207
1216,1208
1217,1209
1218,1210
1219,1211
1220,1212
1221,1213
1222,1214
1223,1215
1224,1216
1225,1217
1226,1218
1227,1219
1228,1220
1229,1221
1230,1222
1231,1223
1232,1224
1233,1225
1234,1226
1235,1227
1236,1228
1237,1229
1238,1230
1239,1231
1240,1232
1241,1233
1242,1234
1243,1235
1244,1236
1245,1237
1246,1238
1247,1239
1248,1240
1249,1241
1250,1242
1251,1243
1252,1244
1253,1245
1254,1246
1255,1247
1256,1248
1257,1249
1258,1250
1259,1251
1260,1252
1261,1253
1262,1254
1263,1255
1264,1256
1265,1257
1266,1258
1267,1259
1268,1260
1269,1261
1270,1262
1271,1263
1272,1264
1273,1265
1274,1266
1275,1267
1276,1268
1277,1269
1278,1270
1279,1271
1280,1272
1281,1273
1282,1274
1283,1275
1284,1276
1285,1277
1286,1278
1287,1279
1288,1280
1289,1281
1290,1282
1291,1283
1292,1284
1293,1285
1294,1286
1295,1287
1296,1288
1297,1289
1298,1290
1299,1291
1300,1292
1301,1293
1302,1294
1303,1295
1304,1296
1305,1297
1306,1298
1307,1299
1308,1300
1309,1301
1310,1302
1311,1303
1312,1304
1313,1305
1314,1306
1315,1307
1316,1308
1317,1309
1318,1310
1319,1311
1320,1312
1321,1313
1322,1314
1323,1315
1324,1316
1325,1317
1326,1318
1327,1319
1328,1320
1329,1321
1330,1322
1331,1323
1332,1324
1333,1325
1334,1326
1335,1327
1336,1328
1337,1329
1338,1330
1339,1331
1340,1332
1341,1333
1342,1334
1343,1335
1344,1336
1345,1337
1346,1338
1347,1339
1348,1340
1349,1341
1350,1342
1351,1343
1352,1344
1353,1345
1354,1346
1355,1347
1356,1348
1357,1349
1358,1350
1359,1351
1360,1352
1361,1353
1362,1354
1363,1355
1364,1356
1365,1357
1366,1358
1367,1359
1368,1360
1369,1361
1370,1362
1371,1363
1372,1364
1373,1365
1374,1366
1375,1367
1376,1368
1377,1369
1378,1370
1379,1371
1380,1372
1381,1373
1382,1374
1383,1375
1384,1376
1385,1377
1386,1378
1387,1379
1388,1380
1389,1381
1390,1382
1391,1383
1392,1384
1393,1385
1394,1386
1395,1387
1396,1388
1397,1389
1398,1390
1399,1391
1400,1392
1401,1393
1402,1394
1403,1395
1404,1396
1405,1397
1406,1398
1407,1399
1408,1400
1409,1401
1410,1402
1411,1403
1412,1404
1413,1405
1414,1406
1415,1407
1416,1408
1417,1409
1418,1410
1419,1411
1420,1412
1421,1413
1422,1414
1423,1415
1424,1416
1425,1417
1426,1418
1427,1419
1428,1420
1429,1421
1430,1422
1431,1423
1432,1424
1433,1425
1434,1426
1435,1427
1436,1428
1437,1429
1438,1430
1439,1431
1440,1432
1441,1433
1442,1434
1443,1435
1444,1436
1445,1437
1446,1438
1447,1439
1448,1440
1449,1441
1450,1442
1451,1443
1452,1444
1453,1445
1454,1446
1455,1447
1456,1448
1457,1449
1458,1450
1459,1451
1460,1452
1461,1453
1462,1454
1463,1455
1464,1456
1465,1457
1466,1458
1467,1459
1468,1460
1469,1461
1470,1462
1471,1463
1472,1464
1473,1465
1474,1466
1475,1467
1476,1468
1477,1469
1478,1470
1479,1471
1480,1472
1481,1473
1482,1474
1483,1475
1484,1476
1485,1477
1486,1478
1487,1479
1488,1480
1489,1481
1490,1482
1491,1483
1492,1484
1493,1485
1494,1486
1495,1487
1496,1488
1497,1489
1498,1490
1499,1491
1500,1492
1501,1493
1502,1494
1503,1495
1504,1496
1505,1497
1506,1498
1507,1499
1508,1500
1509,1501
1510,1502
1511,1503
1512,1504
1513,1505
1514,1506
1515,1507
1516,1508
1517,1509
1518,1510
1519,1511
1520,1512
1521,1513
1522,1514
1523,1515
1524,1516
1525,1517
1526,1518
1527,1519
1528,1520
1529,1521
1530,1522
1531,1523
1532,1524
1533,1525
1534,1526
1535,1527
1536,1528
1537,1529
1538,1530
1539,1531
1540,1532
1541,1533
1542,1534
1543,1535
1544,1536
1545,1537
1546,1538
1547,1539
1548,1540
1549,1541
1550,1542
1551,1543
1552,1544
1553,1545
1554,1546
1555,1547
1556,1548
1557,1549
1558,1550
1559,1551
1560,1552
1561,1553
1562,1554
1563,1555
1564,1556
1565,1557
1566,1558
1567,1559
1568,1560
1569,1561
1570,1562
1571,1563
1572,1564
1573,1565
1574,1566
1575,1567
1576,1568
1577,1569
1578,1570
1579,1571
1580,1572
1581,1573
1582,1574
1583,1575
1584,1576
1585,1577
1586,1578
1587,1579
1588,1580
1589,1581
1590,1582
1591,1583
1592,1584
1593,1585
1594,1586
1595,1587
1596,1588
1597,1589
1598,1590
1599,1591
1600,1592
1601,1593
1602,1594
1603,1595
1604,1596
1605,1597
1606,1598
1607,1599
1608,1600
1609,1601
1610,1602
1611,1603
1612,1604
1613,1605
1614,1606
1615,1607
1616,1608
1617,1609
1618,1610
1619,1611
1620,1612
1621,1767
1622,1768
1623,1769
1624,1770
1625,1771
1626,1772
1627,1773
1628,1774
1629,1775
1630,1776
1631,1777
1632,1778
1633,1779
1634,1780
1635,1781
1636,1782
1637,1783
1638,1784
1639,1785
1640,1786
1641,1787
1642,1788
1643,1789
1644,1790
1645,1791
1646,1792
1647,1793
1648,1794
1649,1795
1650,1796
1651,1797
1652,1798
1653,1799
1654,1800
1655,1801
1656,1802
1657,1803
1658,1804
1659,1805
1660,1806
1661,1807
1662,1808
1663,1809
1664,1810
1665,1811
1666,1812
1667,1813
1668,1814
1669,1815
1670,1816
1671,1817
1672,1818
1673,1819
1674,1820
1675,1821
1676,1822
1677,1823
1678,1824
1679,1825
1680,1826
1681,1827
1682,1828
1683,1829
1684,1830
1685,1831
1686,1832
1687,1833
1688,1834
1689,1835
1690,1836
1691,1837
1692,1838
1693,1839
1694,1840
1695,1841
1696,1842
1697,1843
1698,1844
1699,1845
1700,1846
1701,1847
1702,1848
1703,1849
1704,1850
1705,1851
1706,1852
1707,1853
1708,1854
1709,1855
1710,1856
1711,1857
1712,1858
1713,1859
1714,1860
1715,1861
1716,1862
1717,1863
1718,1864
1719,1865
1720,1866
1721,1867
1722,1868
1723,1869
1724,1870
1725,1871
1726,1872
1727,1873
1728,1874
1729,1875
1730,1876
1731,1877
1732,1878
1733,1879
1734,1880
1735,1881
1736,1882
1737,1883
1738,1884
1739,1885
1740,1886
1741,1887
1742,1888
1743,1889
1744,1890
1745,1891
1746,1892
1747,1893
1748,1894
1749,1895
1750,1896
1751,1897
1752,1898
1753,1899
1754,1900
1755,1901
1756,1902
1757,1903
1758,1904
1759,1905
1760,1906
1761,1907
1762,1908
1763,1909
1764,1910
1765,1911
1766,1912
1767,1913
1768,1914
1769,1915
1770,1916
1771,1917
1772,1918
1773,1919
1774,1920
1775,1921
