Test ID,RTD -> VMON_LVS Module 1,ECON_RE_Sb -> HGCROC_RE_Sb Module 1,PWR_EN -> PG_LDO Module 1,RTD -> HGCROC_RE_Sb Module 1,HGCROC_RE_Hb -> HGCROC_RE_Sb Module 1,PG_DCDC -> ECON_RE_Hb Module 1,RTD -> VMON_LVS Module 2,ECON_RE_Sb -> HGCROC_RE_Sb Module 2,PWR_EN -> PG_LDO Module 2,RTD -> HGCROC_RE_Sb Module 2,HGCROC_RE_Hb -> HGCROC_RE_Sb Module 2,PG_DCDC -> ECON_RE_Hb Module 2,RTD -> VMON_LVS Module 3,ECON_RE_Sb -> HGCROC_RE_Sb Module 3,PWR_EN -> PG_LDO Module 3,RTD -> HGCROC_RE_Sb Module 3,HGCROC_RE_Hb -> HGCROC_RE_Sb Module 3,PG_DCDC -> ECON_RE_Hb Module 3
225,3.2463669776916504,20.38276195526123,2.557814121246338,28.863966464996338,1.2837350368499756,2.729475498199463,4.310131072998047,21.80272340774536,4.278063774108887,34.92027521133423,2.043694257736206,4.360437393188477,nan,nan,nan,nan,nan,nan
226,3.247082233428955,20.382285118103027,2.558290958404541,28.867363929748535,1.2849271297454834,2.7306675910949707,4.311919212341309,21.80260419845581,4.279375076293945,34.92242097854614,2.04429030418396,4.361152648925781,nan,nan,nan,nan,nan,nan
228,3.2449960708618164,20.383179187774658,2.557516098022461,28.868019580841064,1.284182071685791,2.729177474975586,4.311203956604004,21.80349826812744,4.278242588043213,34.919798374176025,2.0444393157958984,4.35870885848999,nan,nan,nan,nan,nan,nan
230,3.2488107681274414,20.381629467010498,2.55662202835083,28.866946697235107,1.283884048461914,2.730250358581543,4.310667514801025,21.80427312850952,4.279792308807373,34.92087125778198,2.04429030418396,4.3624043464660645,nan,nan,nan,nan,nan,nan
232,3.247678279876709,20.38395404815674,2.555727958679199,28.867602348327637,1.283884048461914,2.729356288909912,4.31215763092041,21.80635929107666,4.278361797332764,34.926414489746094,2.042800188064575,4.360973834991455,nan,nan,nan,nan,nan,nan
236,3.3493638038635254,20.50679922103882,2.654552459716797,29.30539846420288,1.3658404350280762,2.846062183380127,5.109727382659912,22.7014422416687,5.056858062744141,38.18535804748535,2.5115907192230225,5.147278308868408,nan,nan,nan,nan,nan,nan
240,3.3356547355651855,20.517289638519287,2.637922763824463,29.253840446472168,1.3330578804016113,2.80916690826416,nan,nan,nan,nan,nan,nan,nan,nan,nan,nan,nan,nan
244,3.3437609672546387,20.525991916656494,2.6430487632751465,29.27786111831665,1.334846019744873,2.8180480003356934,nan,nan,nan,nan,nan,nan,nan,nan,nan,nan,nan,nan
248,3.2032132148742676,20.37888765335083,2.515077590942383,28.72699499130249,1.2411177158355713,2.6797056198120117,nan,nan,nan,nan,nan,nan,nan,nan,nan,nan,nan,nan
252,3.245115280151367,20.427405834197998,2.561211585998535,28.914809226989746,1.2674927711486816,2.7285218238830566,nan,nan,nan,nan,nan,nan,nan,nan,nan,nan,nan,nan
256,3.2861828804016113,20.48414945602417,2.60317325592041,29.089033603668213,1.3014674186706543,2.7664899826049805,nan,nan,nan,nan,nan,nan,nan,nan,nan,nan,nan,nan
260,3.893435001373291,20.96998691558838,3.5018324851989746,31.806468963623047,1.7152726650238037,3.488898277282715,6.00820779800415,23.178815841674805,5.810856819152832,40.94111919403076,2.7771294116973877,5.768895149230957,nan,nan,nan,nan,nan,nan
264,3.896057605743408,20.973145961761475,3.5043954849243164,31.810283660888672,1.714080572128296,3.488004207611084,6.010234355926514,23.18626642227173,5.814492702484131,40.95005989074707,2.7798116207122803,5.772948265075684,nan,nan,nan,nan,nan,nan
265,3.9129257202148438,20.98667621612549,3.4886598587036133,31.881272792816162,48.75645041465759,3.5446882247924805,5.908846855163574,23.15700054168701,5.673527717590332,40.564119815826416,2.8896331787109375,5.6594014167785645,nan,nan,nan,nan,nan,nan
270,3.925204277038574,20.996689796447754,3.4926533699035645,31.923532485961914,50.94945430755615,3.5567879676818848,5.944788455963135,23.19389581680298,5.70911169052124,40.70580005645752,2.915710210800171,5.692780017852783,nan,nan,nan,nan,nan,nan
272,3.4787654876708984,20.523905754089355,3.1173229217529297,30.156314373016357,1.4546513557434082,3.089606761932373,4.840254783630371,22.052109241485596,4.617154598236084,36.302924156188965,2.133995294570923,4.621982574462891,nan,nan,nan,nan,nan,nan
274,3.4837722778320312,20.525455474853516,3.1444430351257324,30.20155429840088,1.4588236808776855,3.0944347381591797,4.860103130340576,22.069096565246582,4.6364665031433105,36.37737035751343,2.1404027938842773,4.642724990844727,nan,nan,nan,nan,nan,nan
276,3.891468048095703,20.962655544281006,3.498077392578125,31.78703784942627,1.7130374908447266,3.48508358001709,5.986571311950684,23.161351680755615,5.794107913970947,40.85826873779297,2.7638673782348633,5.748450756072998,nan,nan,nan,nan,nan,nan
279,3.8014650344848633,20.77394723892212,3.2609105110168457,31.10647201538086,1.538395881652832,3.3216476440429688,nan,nan,nan,nan,nan,nan,nan,nan,nan,nan,nan,nan
282,3.8062334060668945,20.78002691268921,3.2683610916137695,31.129658222198486,1.5394389629364014,3.325223922729492,nan,nan,nan,nan,nan,nan,nan,nan,nan,nan,nan,nan
285,3.809332847595215,20.781338214874268,3.269970417022705,31.13389015197754,1.539289951324463,3.3274292945861816,nan,nan,nan,nan,nan,nan,nan,nan,nan,nan,nan,nan
289,3.48663330078125,20.47884464263916,2.9778480529785156,29.90776300430298,1.389533281326294,3.0167102813720703,nan,nan,nan,nan,nan,nan,nan,nan,nan,nan,nan,nan
293,3.4748315811157227,20.395934581756592,2.9163360595703125,29.70808744430542,1.3424456119537354,2.971649169921875,nan,nan,nan,nan,nan,nan,nan,nan,nan,nan,nan,nan
297,3.856062889099121,20.857155323028564,3.3319592475891113,31.355619430541992,1.5750527381896973,3.3611655235290527,nan,nan,nan,nan,nan,nan,nan,nan,nan,nan,nan,nan
301,3.5367608070373535,20.62469720840454,3.2066702842712402,30.474543571472168,1.5522539615631104,3.1578540802001953,4.886150360107422,22.049546241760254,4.739940166473389,36.54593229293823,2.2289156913757324,4.697561264038086,nan,nan,nan,nan,nan,nan
305,3.491044044494629,20.57582139968872,3.0570626258850098,30.163824558258057,1.4510750770568848,3.093242645263672,4.835724830627441,22.007286548614502,4.631221294403076,36.26471757888794,2.1345913410186768,4.6225786209106445,nan,nan,nan,nan,nan,nan
307,3.5547614097595215,20.682930946350098,3.193795680999756,30.544817447662354,1.5610456466674805,3.162205219268799,4.885554313659668,22.005200386047363,4.760026931762695,36.52828931808472,2.2311508655548096,4.709184169769287,nan,nan,nan,nan,nan,nan
309,3.55684757232666,20.684897899627686,3.193020820617676,30.543386936187744,1.5604496002197266,3.1598806381225586,4.888057708740234,22.006511688232422,4.758358001708984,36.53573989868164,2.229362726211548,4.71121072769165,nan,nan,nan,nan,nan,nan
310,3.556191921234131,20.684242248535156,3.1925439834594727,30.546963214874268,1.5625357627868652,3.1626224517822266,4.887819290161133,22.00835943222046,4.76151704788208,36.54181957244873,2.230703830718994,4.709482192993164,nan,nan,nan,nan,nan,nan
311,3.896176815032959,21.014869213104248,3.483712673187256,31.827330589294434,1.7111003398895264,3.477811813354492,5.956709384918213,23.09316396713257,5.781233310699463,40.73131084442139,2.758800983428955,5.730271339416504,nan,nan,nan,nan,nan,nan
314,3.8974881172180176,21.01534605026245,3.484666347503662,31.831800937652588,1.7125904560089111,3.478884696960449,5.967140197753906,23.10359477996826,5.793094635009766,40.77845811843872,2.7655065059661865,5.743443965911865,nan,nan,nan,nan,nan,nan
318,3.325521945953369,20.451903343200684,2.649962902069092,29.21605110168457,1.354813575744629,2.840697765350342,5.125939846038818,22.774577140808105,5.0476789474487305,38.28519582748413,2.5263428688049316,5.1631927490234375,nan,nan,nan,nan,nan,nan
319,3.3254623413085938,20.452797412872314,2.647221088409424,29.21348810195923,1.3561546802520752,2.840697765350342,5.127370357513428,22.778689861297607,5.048394203186035,38.291990756988525,2.526193857192993,5.166888236999512,nan,nan,nan,nan,nan,nan
320,3.323078155517578,20.451605319976807,2.6451945304870605,29.21384572982788,1.3568997383117676,2.839028835296631,5.127549171447754,22.77451753616333,5.048990249633789,38.28740119934082,2.528280019760132,5.163013935089111,nan,nan,nan,nan,nan,nan
321,3.321409225463867,20.450472831726074,2.6465654373168945,29.21539545059204,1.3546645641326904,2.840697765350342,5.129218101501465,22.776782512664795,5.051016807556152,38.29604387283325,2.5294721126556396,5.166769027709961,nan,nan,nan,nan,nan,nan
322,3.325819969177246,20.45154571533203,2.649247646331787,29.21241521835327,1.3560056686401367,2.842426300048828,5.128264427185059,22.777080535888672,5.048155784606934,38.29324245452881,2.527683973312378,5.166828632354736,nan,nan,nan,nan,nan,nan
324,3.3246874809265137,20.451903343200684,2.6456117630004883,29.217123985290527,1.3527274131774902,2.8394460678100586,5.1274895668029785,22.779464721679688,5.051255226135254,38.29598426818848,2.527683973312378,5.166411399841309,nan,nan,nan,nan,nan,nan
326,3.3248066902160645,20.449578762054443,2.64662504196167,29.2130708694458,1.353919506072998,2.8414130210876465,5.128264427185059,22.775113582611084,5.047023296356201,38.28144073486328,2.524852752685547,5.163431167602539,nan,nan,nan,nan,nan,nan
327,3.3219456672668457,20.449280738830566,2.647280693054199,29.209494590759277,1.353621482849121,2.839207649230957,5.1250457763671875,22.773325443267822,5.046188831329346,38.27309608459473,2.524256706237793,5.15979528427124,nan,nan,nan,nan,nan,nan
329,3.3229589462280273,20.44832706451416,2.6467442512512207,29.211223125457764,1.3525784015655518,2.8391480445861816,5.125820636749268,22.77296781539917,5.04612922668457,38.27357292175293,2.5275349617004395,5.1613450050354,nan,nan,nan,nan,nan,nan
331,3.3220648765563965,20.450472831726074,2.6463866233825684,29.208481311798096,1.3534724712371826,2.8397440910339355,5.126059055328369,22.773921489715576,5.044758319854736,38.27911615371704,2.526193857192993,5.161762237548828,nan,nan,nan,nan,nan,nan
332,3.323495388031006,20.450115203857422,2.645134925842285,29.210448265075684,1.3540685176849365,2.8375983238220215,5.126893520355225,22.77696132659912,5.047798156738281,38.28626871109009,2.5266408920288086,5.162417888641357,nan,nan,nan,nan,nan,nan
333,3.3249855041503906,20.450711250305176,2.64817476272583,29.211997985839844,1.3540685176849365,2.8403401374816895,5.125105381011963,22.7738618850708,5.047976970672607,38.281261920928955,2.525448799133301,5.160272121429443,nan,nan,nan,nan,nan,nan
335,3.3240914344787598,20.452439785003662,2.6476383209228516,29.211759567260742,1.3530254364013672,2.8409361839294434,5.12540340423584,22.774457931518555,5.046844482421875,38.27852010726929,2.5263428688049316,5.161702632904053,nan,nan,nan,nan,nan,nan
337,3.325521945953369,20.4542875289917,2.6453733444213867,29.216885566711426,1.3519823551177979,2.841174602508545,5.128264427185059,22.777199745178223,5.048632621765137,38.29067945480347,2.523064613342285,5.165040493011475,nan,nan,nan,nan,nan,nan
339,3.327786922454834,20.45351266860962,2.6478171348571777,29.218673706054688,1.353919506072998,2.8429031372070312,5.131065845489502,22.78059720993042,5.051910877227783,38.29985857009888,2.5281310081481934,5.16897439956665,nan,nan,nan,nan,nan,nan
342,3.3248066902160645,20.45196294784546,2.64585018157959,29.21450138092041,1.3512372970581055,2.8403401374816895,5.126774311065674,22.777140140533447,5.047500133514404,38.28984498977661,2.527683973312378,5.161523818969727,nan,nan,nan,nan,nan,nan
345,3.3226609230041504,20.449817180633545,2.6445984840393066,29.210269451141357,1.3534724712371826,2.837657928466797,5.122244358062744,22.77398109436035,5.044043064117432,38.271963596343994,2.522766590118408,5.159437656402588,nan,nan,nan,nan,nan,nan
349,3.326594829559326,20.45387029647827,2.650320529937744,29.223144054412842,1.354217529296875,2.8439760208129883,5.131185054779053,22.78083562850952,5.0553083419799805,38.30915689468384,2.527683973312378,5.171418190002441,nan,nan,nan,nan,nan,nan
353,3.3266544342041016,20.454585552215576,2.6497244834899902,29.222071170806885,1.3566017150878906,2.841353416442871,5.131363868713379,22.781789302825928,5.053579807281494,38.30397129058838,2.527981996536255,5.16664981842041,nan,nan,nan,nan,nan,nan
355,3.322601318359375,20.452558994293213,2.6474595069885254,29.218077659606934,1.3551115989685059,2.840697765350342,5.134761333465576,22.78047800064087,5.053520202636719,38.30844163894653,2.527981996536255,5.169570446014404,nan,nan,nan,nan,nan,nan
359,3.3257007598876953,20.45154571533203,2.647101879119873,29.215872287750244,1.353919506072998,2.8443336486816406,5.132555961608887,22.782623767852783,5.052447319030762,38.30903768539429,2.5284290313720703,5.1711201667785645,nan,nan,nan,nan,nan,nan
363,3.325521945953369,20.454108715057373,2.6477575302124023,29.219746589660645,1.3558566570281982,2.8427839279174805,5.135595798492432,22.783339023590088,5.056262016296387,38.31923007965088,2.5288760662078857,5.1727294921875,nan,nan,nan,nan,nan,nan
365,3.325164318084717,20.45261859893799,2.647995948791504,29.221534729003906,1.3568997383117676,2.8420090675354004,5.138397216796875,22.78614044189453,5.054891109466553,38.31988573074341,2.530217170715332,5.1721930503845215,nan,nan,nan,nan,nan,nan
367,3.3246278762817383,20.45363187789917,2.64894962310791,29.21736240386963,1.3555586338043213,2.841651439666748,5.1313042640686035,22.78083562850952,5.053341388702393,38.30897808074951,2.5284290313720703,5.167245864868164,nan,nan,nan,nan,nan,nan
371,3.324568271636963,20.453453063964844,2.6462674140930176,29.214799404144287,1.3534724712371826,2.8409361839294434,5.131781101226807,22.77994155883789,5.049645900726318,38.29538822174072,2.5260448455810547,5.164742469787598,nan,nan,nan,nan,nan,nan
375,3.3240318298339844,20.452499389648438,2.647519111633301,29.216468334197998,1.3552606105804443,2.8439760208129883,5.133092403411865,22.78149127960205,5.053102970123291,38.3070707321167,2.5284290313720703,5.169272422790527,nan,nan,nan,nan,nan,nan
379,3.322720527648926,20.45232057571411,2.6482343673706055,29.211819171905518,1.353919506072998,2.8405189514160156,5.127072334289551,22.77696132659912,5.047619342803955,38.28698396682739,2.524852752685547,5.1613450050354,nan,nan,nan,nan,nan,nan
383,3.3268332481384277,20.453155040740967,2.6462674140930176,29.211699962615967,1.354515552520752,2.8403401374816895,5.131244659423828,22.77761697769165,5.051553249359131,38.299500942230225,2.52649188041687,5.16742467880249,nan,nan,nan,nan,nan,nan
385,3.3216476440429688,20.453214645385742,2.646207809448242,29.21128273010254,1.3540685176849365,2.8394460678100586,5.131542682647705,22.777676582336426,5.050361156463623,38.29085826873779,2.5255978107452393,5.166947841644287,nan,nan,nan,nan,nan,nan
389,3.323972225189209,20.45118808746338,2.644836902618408,29.212534427642822,1.3530254364013672,2.8395652770996094,5.127131938934326,22.777915000915527,5.050182342529297,38.286805152893066,2.5266408920288086,5.164921283721924,nan,nan,nan,nan,nan,nan
391,3.3231377601623535,20.454227924346924,2.6466846466064453,29.212236404418945,1.350492238998413,2.8401613235473633,5.130350589752197,22.778332233428955,5.049288272857666,38.292646408081055,2.5263428688049316,5.164742469787598,nan,nan,nan,nan,nan,nan
393,3.3231377601623535,20.451009273529053,2.647519111633301,29.21271324157715,1.3564527034759521,2.8402209281921387,5.130529403686523,22.777199745178223,5.049645900726318,38.28990459442139,2.5247037410736084,5.164861679077148,nan,nan,nan,nan,nan,nan
397,3.323495388031006,20.452558994293213,2.646505832672119,29.21760082244873,1.3534724712371826,2.8401613235473633,5.1323771476745605,22.776246070861816,5.051612854003906,38.298964500427246,2.527683973312378,5.1670074462890625,nan,nan,nan,nan,nan,nan
401,3.326237201690674,20.451903343200684,2.647995948791504,29.215693473815918,1.3519823551177979,2.8421878814697266,5.130350589752197,22.77839183807373,5.0498247146606445,38.29604387283325,2.5260448455810547,5.168139934539795,nan,nan,nan,nan,nan,nan
405,3.3226609230041504,20.453333854675293,2.64817476272583,29.213905334472656,1.354813575744629,2.840876579284668,5.128741264343262,22.77696132659912,5.050897598266602,38.29216957092285,2.5250017642974854,5.165219306945801,nan,nan,nan,nan,nan,nan
409,3.322720527648926,20.450294017791748,2.6443004608154297,29.212355613708496,1.3531744480133057,2.8400421142578125,5.126535892486572,22.77517318725586,5.047619342803955,38.28394412994385,2.524852752685547,5.163729190826416,nan,nan,nan,nan,nan,nan
410,3.3246874809265137,20.453333854675293,2.647280693054199,29.209375381469727,1.3533234596252441,2.840578556060791,5.132436752319336,22.778213024139404,5.050599575042725,38.29753398895264,2.5269389152526855,5.168437957763672,nan,nan,nan,nan,nan,nan
414,3.3243298530578613,20.45285701751709,2.6471614837646484,29.21473979949951,1.3531744480133057,2.839982509613037,5.133330821990967,22.781431674957275,5.054593086242676,38.30766677856445,2.525895833969116,5.168735980987549,nan,nan,nan,nan,nan,nan
418,3.3252835273742676,20.451605319976807,2.64662504196167,29.21605110168457,1.356750726699829,2.8417110443115234,5.131006240844727,22.78059720993042,5.053699016571045,38.30474615097046,2.529621124267578,5.17040491104126,nan,nan,nan,nan,nan,nan
422,3.3217668533325195,20.451247692108154,2.646505832672119,29.213309288024902,1.3530254364013672,2.839207649230957,5.134344100952148,22.782564163208008,5.054235458374023,38.3104681968689,2.531707286834717,5.171418190002441,nan,nan,nan,nan,nan,nan
426,3.3233165740966797,20.45464515686035,2.647519111633301,29.217064380645752,1.3533234596252441,2.83968448638916,5.134642124176025,22.78059720993042,5.055069923400879,38.31517696380615,2.530217170715332,5.169808864593506,nan,nan,nan,nan,nan,nan
430,3.3285021781921387,20.452141761779785,2.647221088409424,29.22213077545166,1.3557076454162598,2.842068672180176,5.136549472808838,22.787034511566162,5.058646202087402,38.322627544403076,2.5288760662078857,5.173981189727783,nan,nan,nan,nan,nan,nan
431,3.3245086669921875,20.45416831970215,2.6463866233825684,29.217064380645752,1.354217529296875,2.8434395790100098,5.134701728820801,22.785067558288574,5.054950714111328,38.31809759140015,2.5291740894317627,5.17427921295166,nan,nan,nan,nan,nan,nan
432,3.3255815505981445,20.451903343200684,2.6488900184631348,29.219210147857666,1.3557076454162598,2.841949462890625,5.134761333465576,22.7850079536438,5.056321620941162,38.31976652145386,2.5288760662078857,5.174100399017334,nan,nan,nan,nan,nan,nan
436,3.3216476440429688,20.451486110687256,2.644956111907959,29.212474822998047,1.354515552520752,2.8401613235473633,5.134224891662598,22.78006076812744,5.051851272583008,38.30653429031372,2.529919147491455,5.16963005065918,nan,nan,nan,nan,nan,nan
440,3.324449062347412,20.454108715057373,2.6482343673706055,29.219985008239746,1.353919506072998,2.842426300048828,5.1378607749938965,22.784411907196045,5.0553083419799805,38.32274675369263,2.5284290313720703,5.174994468688965,nan,nan,nan,nan,nan,nan
444,3.227412700653076,20.32780647277832,2.560734748840332,28.793036937713623,1.274198293685913,2.727985382080078,4.322707653045654,21.866977214813232,4.261255264282227,34.9850058555603,2.049058675765991,4.362881183624268,nan,nan,nan,nan,nan,nan
448,3.2325387001037598,20.328283309936523,2.5655627250671387,28.811335563659668,1.2721121311187744,2.7297139167785645,1999.999761581421,1999.999761581421,1999.999761581421,1999.999761581421,4999.999403953552,1999.999761581421,nan,nan,nan,nan,nan,nan
449,3.2346248626708984,20.331084728240967,2.5643110275268555,28.81169319152832,1.2797117233276367,2.7328133583068848,4.331350326538086,21.879374980926514,4.269659519195557,35.02154350280762,2.0566582679748535,4.371821880340576,nan,nan,nan,nan,nan,nan
453,3.2309889793395996,20.330965518951416,2.5655031204223633,28.808236122131348,1.2786686420440674,2.732396125793457,4.332125186920166,21.87967300415039,4.271328449249268,35.02380847930908,2.0578503608703613,4.373490810394287,nan,nan,nan,nan,nan,nan
458,3.233611583709717,20.329594612121582,2.5649070739746094,28.80460023880005,1.2797117233276367,2.730429172515869,4.328131675720215,21.875619888305664,4.2694807052612305,35.00926494598389,2.053976058959961,4.37009334564209,nan,nan,nan,nan,nan,nan
460,3.641188144683838,20.648479461669922,3.1650662422180176,30.637264251708984,1.506805419921875,3.232419490814209,4.836738109588623,21.90089225769043,4.560708999633789,36.073148250579834,2.1398067474365234,4.602909088134766,nan,nan,nan,nan,nan,nan
464,3.6242008209228516,20.693421363830566,3.190457820892334,30.679404735565186,1.5270709991455078,3.222227096557617,5.104184150695801,22.156953811645508,4.8171281814575195,37.07045316696167,2.2651255130767822,4.823744297027588,nan,nan,nan,nan,nan,nan
468,3.475785255432129,20.524322986602783,3.043532371520996,30.061542987823486,1.455247402191162,3.06779146194458,4.596590995788574,21.70175313949585,4.451334476470947,35.35085916519165,2.0603835582733154,4.435718059539795,nan,nan,nan,nan,nan,nan
472,3.5866498947143555,20.658135414123535,3.1795501708984375,30.567705631256104,1.5555322170257568,3.195643424987793,5.07962703704834,22.17179536819458,4.971504211425781,37.33992576599121,2.3186206817626953,4.946112632751465,nan,nan,nan,nan,nan,nan
476,3.581225872039795,20.588397979736328,3.0223727226257324,30.21150827407837,1.4024972915649414,3.075838088989258,nan,nan,nan,nan,nan,nan,nan,nan,nan,nan,nan,nan
480,3.581404685974121,20.606696605682373,3.0376315116882324,30.26503324508667,1.4133751392364502,3.088057041168213,nan,nan,nan,nan,nan,nan,nan,nan,nan,nan,nan,nan
484,3.448486328125,20.43318748474121,2.904355525970459,29.681146144866943,1.3360381126403809,2.9434561729431152,nan,nan,nan,nan,nan,nan,nan,nan,nan,nan,nan,nan
489,3.5236477851867676,20.50882577896118,2.978205680847168,29.990553855895996,1.3731420040130615,3.028690814971924,nan,nan,nan,nan,nan,nan,nan,nan,nan,nan,nan,nan
493,3.171205520629883,20.288467407226562,2.513766288757324,28.600990772247314,1.2546777725219727,2.6817917823791504,-1586.636245250702,1.717984676361084,-1999.606966972351,-1588.2335305213928,4.299730062484741,0.1195669174194336,nan,nan,nan,nan,nan,nan
495,3.1921863555908203,20.302951335906982,2.5348663330078125,28.67966890335083,1.2509524822235107,2.6946663856506348,374.92793798446655,253.00198793411255,71.49285078048706,376.7610788345337,-4993.037432432175,-1729.4079065322876,nan,nan,nan,nan,nan,nan
497,3.190279006958008,20.296692848205566,2.533137798309326,28.668642044067383,1.2566149234771729,2.696514129638672,4.311680793762207,21.98868989944458,4.291296005249023,35.18038988113403,2.090334892272949,4.418313503265381,nan,nan,nan,nan,nan,nan
502,3.186464309692383,20.33001184463501,2.533137798309326,28.67603302001953,1.2464821338653564,2.6767849922180176,1999.999761581421,1999.999761581421,1999.999761581421,1999.999761581421,4999.999403953552,1999.999761581421,nan,nan,nan,nan,nan,nan
504,3.199279308319092,20.344436168670654,2.539336681365967,28.723597526550293,1.2446939945220947,2.691507339477539,nan,nan,nan,nan,nan,nan,nan,nan,nan,nan,nan,nan
506,3.200411796569824,20.342230796813965,2.538025379180908,28.720557689666748,1.2437999248504639,2.6922225952148438,nan,nan,nan,nan,nan,nan,nan,nan,nan,nan,nan,nan
510,3.192305564880371,20.334601402282715,2.542734146118164,28.696298599243164,1.2490153312683105,2.6820898056030273,nan,nan,nan,nan,nan,nan,nan,nan,nan,nan,nan,nan
514,3.1798481941223145,20.336627960205078,2.5264620780944824,28.667926788330078,1.242905855178833,2.677738666534424,nan,nan,nan,nan,nan,nan,nan,nan,nan,nan,nan,nan
518,3.170609474182129,20.316481590270996,2.517104148864746,28.623521327972412,1.2364983558654785,2.66873836517334,nan,nan,nan,nan,nan,nan,nan,nan,nan,nan,nan,nan
522,3.1647682189941406,20.30003070831299,2.507030963897705,28.57053279876709,1.2233853340148926,2.649247646331787,nan,nan,nan,nan,nan,nan,nan,nan,nan,nan,nan,nan
526,3.172457218170166,20.30998468399048,2.511918544769287,28.600215911865234,1.2379884719848633,2.6589035987854004,nan,nan,nan,nan,nan,nan,nan,nan,nan,nan,nan,nan
530,3.1824111938476562,20.32327651977539,2.5223493576049805,28.64605188369751,1.240074634552002,2.6707053184509277,nan,nan,nan,nan,nan,nan,nan,nan,nan,nan,nan,nan
533,3.1895041465759277,20.31797170639038,2.5306344032287598,28.66232395172119,1.2443959712982178,2.671360969543457,nan,nan,nan,nan,nan,nan,nan,nan,nan,nan,nan,nan
537,3.1705498695373535,20.266234874725342,2.5222301483154297,28.580129146575928,1.2439489364624023,2.6708245277404785,4.008352756500244,21.632492542266846,3.9942264556884766,33.904969692230225,1.9219517707824707,4.103958606719971,nan,nan,nan,nan,nan,nan
539,3.174304962158203,20.37644386291504,2.5287866592407227,28.70553731918335,1.2421607971191406,2.6796460151672363,nan,nan,nan,nan,nan,nan,nan,nan,nan,nan,nan,nan
541,3.160417079925537,20.34527063369751,2.507627010345459,28.619349002838135,1.2318789958953857,2.6541948318481445,nan,nan,nan,nan,nan,nan,nan,nan,nan,nan,nan,nan
544,3.1723380088806152,20.355939865112305,2.519547939300537,28.668999671936035,1.2415647506713867,2.6754140853881836,nan,nan,nan,nan,nan,nan,nan,nan,nan,nan,nan,nan
546,3.1737685203552246,20.365118980407715,2.5100111961364746,28.668999671936035,1.242607831954956,2.6735663414001465,nan,nan,nan,nan,nan,nan,nan,nan,nan,nan,nan,nan
549,3.18223237991333,20.371854305267334,2.5209784507751465,28.696775436401367,1.2415647506713867,2.668321132659912,nan,nan,nan,nan,nan,nan,nan,nan,nan,nan,nan,nan
553,3.190279006958008,20.36505937576294,2.5385022163391113,28.71638536453247,1.249164342880249,2.671182155609131,nan,nan,nan,nan,nan,nan,nan,nan,nan,nan,nan,nan
557,3.188192844390869,20.35677433013916,2.5343894958496094,28.70476245880127,1.2418627738952637,2.67183780670166,nan,nan,nan,nan,nan,nan,nan,nan,nan,nan,nan,nan
560,3.2015442848205566,20.365357398986816,2.540409564971924,28.744518756866455,1.2534856796264648,2.6845335960388184,nan,nan,nan,nan,nan,nan,nan,nan,nan,nan,nan,nan
564,3.168165683746338,20.37721872329712,2.528846263885498,28.68962287902832,1.2420117855072021,2.665400505065918,nan,nan,nan,nan,nan,nan,nan,nan,nan,nan,nan,nan
568,3.159165382385254,20.36064863204956,2.5121569633483887,28.630554676055908,1.2378394603729248,2.6505589485168457,nan,nan,nan,nan,nan,nan,nan,nan,nan,nan,nan,nan
572,1999.999761581421,1999.999761581421,1999.999761581421,1999.999761581421,0.13187527656555176,0.0,nan,nan,nan,nan,nan,nan,nan,nan,nan,nan,nan,nan
573,1999.999761581421,674.1756796836853,0.032007694244384766,1999.999761581421,-3015.042692422867,0.0,nan,nan,nan,nan,nan,nan,nan,nan,nan,nan,nan,nan
574,1999.999761581421,634.6023082733154,0.030934810638427734,1999.999761581421,-2998.1285333633423,0.0,nan,nan,nan,nan,nan,nan,nan,nan,nan,nan,nan,nan
577,1999.999761581421,1999.999761581421,1999.999761581421,1999.999761581421,2.3068487644195557,0.0,nan,nan,nan,nan,nan,nan,nan,nan,nan,nan,nan,nan
579,1999.999761581421,589.5115733146667,0.028073787689208984,1999.999761581421,-2977.0103096961975,0.0,nan,nan,nan,nan,nan,nan,nan,nan,nan,nan,nan,nan
581,1999.999761581421,540.7835245132446,0.025928020477294922,1999.999761581421,-2954.765409231186,0.0,nan,nan,nan,nan,nan,nan,nan,nan,nan,nan,nan,nan
583,1999.999761581421,549.2916703224182,0.026881694793701172,1999.999761581421,-2959.3780636787415,0.0,nan,nan,nan,nan,nan,nan,nan,nan,nan,nan,nan,nan
585,3.5722851753234863,20.60222625732422,3.05020809173584,30.254781246185303,1.4232099056243896,3.078937530517578,nan,nan,nan,nan,nan,nan,nan,nan,nan,nan,nan,nan
589,3.5539865493774414,20.56562900543213,3.0151009559631348,30.141353607177734,1.3935565948486328,3.0576586723327637,nan,nan,nan,nan,nan,nan,nan,nan,nan,nan,nan,nan
593,3.5520195960998535,20.58231830596924,3.035247325897217,30.177414417266846,1.4138221740722656,3.062307834625244,nan,nan,nan,nan,nan,nan,nan,nan,nan,nan,nan,nan
597,3.5613179206848145,20.56509256362915,3.02278995513916,30.159354209899902,1.3956427574157715,3.062307834625244,nan,nan,nan,nan,nan,nan,nan,nan,nan,nan,nan,nan
601,3.5547614097595215,20.571410655975342,3.0275583267211914,30.170857906341553,1.4132261276245117,3.0666589736938477,nan,nan,nan,nan,nan,nan,nan,nan,nan,nan,nan,nan
605,3.5623908042907715,20.54804563522339,3.0159354209899902,30.13479709625244,1.3941526412963867,3.059685230255127,nan,nan,nan,nan,nan,nan,nan,nan,nan,nan,nan,nan
609,3.551602363586426,20.53213119506836,3.026425838470459,30.123889446258545,1.4075636863708496,3.05938720703125,nan,nan,nan,nan,nan,nan,nan,nan,nan,nan,nan,nan
613,3.5614371299743652,20.508229732513428,3.01283597946167,30.09277582168579,1.3910233974456787,3.058910369873047,nan,nan,nan,nan,nan,nan,nan,nan,nan,nan,nan,nan
617,1999.999761581421,1999.999761581421,1999.999761581421,1999.999761581421,4999.999403953552,1999.999761581421,nan,nan,nan,nan,nan,nan,nan,nan,nan,nan,nan,nan
618,1999.999761581421,1999.999761581421,1999.999761581421,1999.999761581421,4999.999403953552,1999.999761581421,nan,nan,nan,nan,nan,nan,nan,nan,nan,nan,nan,nan
619,1999.999761581421,1999.999761581421,0.0,1999.999761581421,4999.999403953552,0.0,nan,nan,nan,nan,nan,nan,nan,nan,nan,nan,nan,nan
621,1999.999761581421,1999.999761581421,0.0,1999.999761581421,4999.999403953552,0.0,nan,nan,nan,nan,nan,nan,nan,nan,nan,nan,nan,nan
622,3.1769871711730957,20.35921812057495,2.5156736373901367,28.676927089691162,1.2449920177459717,2.6734471321105957,nan,nan,nan,nan,nan,nan,nan,nan,nan,nan,nan,nan
626,3.186523914337158,20.35921812057495,2.5324225425720215,28.696835041046143,1.2502074241638184,2.6714205741882324,nan,nan,nan,nan,nan,nan,nan,nan,nan,nan,nan,nan
630,3.1982064247131348,20.388126373291016,2.5426745414733887,28.768420219421387,1.242905855178833,2.687990665435791,nan,nan,nan,nan,nan,nan,nan,nan,nan,nan,nan,nan
632,3.176450729370117,20.360589027404785,2.5292038917541504,28.684675693511963,1.245439052581787,2.6692748069763184,nan,nan,nan,nan,nan,nan,nan,nan,nan,nan,nan,nan
635,3.195345401763916,20.3857421875,2.5467872619628906,28.76102924346924,1.2475252151489258,2.686738967895508,nan,nan,nan,nan,nan,nan,nan,nan,nan,nan,nan,nan
636,1999.999761581421,1999.999761581421,1999.999761581421,1999.999761581421,4999.999403953552,1999.999761581421,nan,nan,nan,nan,nan,nan,nan,nan,nan,nan,nan,nan
637,3.2238364219665527,20.38419246673584,2.55507230758667,28.688549995422363,1.197904348373413,2.7149319648742676,nan,nan,nan,nan,nan,nan,nan,nan,nan,nan,nan,nan
709,nan,nan,nan,nan,nan,nan,nan,nan,nan,nan,nan,nan,nan,nan,nan,nan,nan,nan
710,nan,nan,nan,nan,nan,nan,nan,nan,nan,nan,nan,nan,nan,nan,nan,nan,nan,nan
711,nan,nan,nan,nan,nan,nan,nan,nan,nan,nan,nan,nan,nan,nan,nan,nan,nan,nan
712,nan,nan,nan,nan,nan,nan,nan,nan,nan,nan,nan,nan,nan,nan,nan,nan,nan,nan
713,nan,nan,nan,nan,nan,nan,nan,nan,nan,nan,nan,nan,nan,nan,nan,nan,nan,nan
714,nan,nan,nan,nan,nan,nan,nan,nan,nan,nan,nan,nan,nan,nan,nan,nan,nan,nan
716,nan,nan,nan,nan,nan,nan,nan,nan,nan,nan,nan,nan,nan,nan,nan,nan,nan,nan
717,nan,nan,nan,nan,nan,nan,nan,nan,nan,nan,nan,nan,nan,nan,nan,nan,nan,nan
718,nan,nan,nan,nan,nan,nan,nan,nan,nan,nan,nan,nan,nan,nan,nan,nan,nan,nan
720,nan,nan,nan,nan,nan,nan,nan,nan,nan,nan,nan,nan,nan,nan,nan,nan,nan,nan
722,nan,nan,nan,nan,nan,nan,nan,nan,nan,nan,nan,nan,nan,nan,nan,nan,nan,nan
726,nan,nan,nan,nan,nan,nan,nan,nan,nan,nan,nan,nan,nan,nan,nan,nan,nan,nan
729,nan,nan,nan,nan,nan,nan,nan,nan,nan,nan,nan,nan,nan,nan,nan,nan,nan,nan
732,nan,nan,nan,nan,nan,nan,nan,nan,nan,nan,nan,nan,nan,nan,nan,nan,nan,nan
733,nan,nan,nan,nan,nan,nan,nan,nan,nan,nan,nan,nan,nan,nan,nan,nan,nan,nan
734,nan,nan,nan,nan,nan,nan,nan,nan,nan,nan,nan,nan,nan,nan,nan,nan,nan,nan
735,nan,nan,nan,nan,nan,nan,nan,nan,nan,nan,nan,nan,nan,nan,nan,nan,nan,nan
736,nan,nan,nan,nan,nan,nan,nan,nan,nan,nan,nan,nan,nan,nan,nan,nan,nan,nan
838,1999.999761581421,1999.999761581421,1999.999761581421,1999.999761581421,4999.999403953552,1499.9998211860657,nan,nan,nan,nan,nan,nan,nan,nan,nan,nan,nan,nan
839,nan,nan,nan,nan,nan,nan,nan,nan,nan,nan,nan,nan,nan,nan,nan,nan,nan,nan
840,1999.999761581421,1999.999761581421,1999.999761581421,1999.999761581421,4999.999403953552,1999.999761581421,nan,nan,nan,nan,nan,nan,nan,nan,nan,nan,nan,nan
841,1999.999761581421,1999.999761581421,1999.999761581421,1999.999761581421,4999.999403953552,562.0880722999573,nan,nan,nan,nan,nan,nan,nan,nan,nan,nan,nan,nan
842,nan,nan,nan,nan,nan,nan,nan,nan,nan,nan,nan,nan,nan,nan,nan,nan,nan,nan
843,nan,nan,nan,nan,nan,nan,nan,nan,nan,nan,nan,nan,nan,nan,nan,nan,nan,nan
844,1999.999761581421,1999.999761581421,1999.999761581421,1999.999761581421,4999.999403953552,1999.999761581421,nan,nan,nan,nan,nan,nan,nan,nan,nan,nan,nan,nan
845,nan,nan,nan,nan,nan,nan,nan,nan,nan,nan,nan,nan,nan,nan,nan,nan,nan,nan
850,nan,nan,nan,nan,nan,nan,nan,nan,nan,nan,nan,nan,nan,nan,nan,nan,nan,nan
854,nan,nan,nan,nan,nan,nan,nan,nan,nan,nan,nan,nan,nan,nan,nan,nan,nan,nan
856,nan,nan,nan,nan,nan,nan,nan,nan,nan,nan,nan,nan,nan,nan,nan,nan,nan,nan
858,nan,nan,nan,nan,nan,nan,nan,nan,nan,nan,nan,nan,nan,nan,nan,nan,nan,nan
859,nan,nan,nan,nan,nan,nan,nan,nan,nan,nan,nan,nan,nan,nan,nan,nan,nan,nan
860,nan,nan,nan,nan,nan,nan,nan,nan,nan,nan,nan,nan,nan,nan,nan,nan,nan,nan
866,nan,nan,nan,nan,nan,nan,nan,nan,nan,nan,nan,nan,nan,nan,nan,nan,nan,nan
870,nan,nan,nan,nan,nan,nan,nan,nan,nan,nan,nan,nan,nan,nan,nan,nan,nan,nan
873,nan,nan,nan,nan,nan,nan,nan,nan,nan,nan,nan,nan,nan,nan,nan,nan,nan,nan
874,19.156694412231445,20.59072256088257,3.086090087890625,30.241429805755615,40.656328201293945,3.0861496925354004,20.343422889709473,37.56934404373169,61.135292053222656,4.218168556690216,2.2245943546295166,4.567086696624756,22.115767002105713,23.701608180999756,2.9179155826568604,41.8362021446228,21.159127354621887,5.916893482208252
881,1999.999761581421,1999.999761581421,1999.999761581421,1999.999761581421,4999.999403953552,1999.999761581421,nan,nan,nan,nan,nan,nan,nan,nan,nan,nan,nan,nan
882,3.5392045974731445,20.58476209640503,3.107130527496338,30.25871515274048,1.6079843044281006,3.0756592750549316,4.7446489334106445,21.96478843688965,4.620552062988281,36.08691692352295,2.2237002849578857,4.588305950164795,6.5444111824035645,23.736238479614258,5.889773368835449,42.03253984451294,3.279447555541992,5.964994430541992
887,3.879427909851074,21.32636308670044,3.334522247314453,32.109975814819336,40.78567028045654,18.999755382537842,nan,nan,nan,nan,nan,nan,nan,nan,nan,nan,nan,nan
891,3.7923455238342285,20.784854888916016,3.2591819763183594,46.6846227645874,40.7429039478302,18.91571283340454,nan,nan,nan,nan,nan,nan,nan,nan,nan,nan,nan,nan
897,20.389020442962646,20.788967609405518,3.257155418395996,46.6802716255188,1.6364455223083496,18.910229206085205,nan,nan,nan,nan,nan,nan,nan,nan,nan,nan,nan,nan
905,3.2395124435424805,20.406484603881836,2.5810599327087402,44.48902606964111,1.4412403106689453,2.7093887329101562,nan,nan,nan,nan,nan,nan,nan,nan,nan,nan,nan,nan
911,nan,nan,nan,nan,nan,nan,nan,nan,nan,nan,nan,nan,nan,nan,nan,nan,nan,nan
915,1999.999761581421,1999.999761581421,1999.999761581421,1999.999761581421,4999.999403953552,1999.999761581421,nan,nan,nan,nan,nan,nan,nan,nan,nan,nan,nan,nan
917,3.2305121421813965,20.415425300598145,2.55739688873291,28.866052627563477,1.462697982788086,2.709627151489258,nan,nan,nan,nan,nan,nan,nan,nan,nan,nan,nan,nan
923,3.367602825164795,20.617127418518066,2.713918685913086,29.526829719543457,1.5160441398620605,2.8793811798095703,4.998981952667236,22.531986236572266,4.885613918304443,37.57655620574951,2.424567937850952,4.9912333488464355,7.555842399597168,25.180399417877197,7.260322570800781,47.14691638946533,4.070401191711426,7.2547197341918945
928,3.1738877296447754,20.315051078796387,2.522766590118408,28.639674186706543,1.417398452758789,2.6767849922180176,4.296243190765381,21.952450275421143,4.25267219543457,35.05820035934448,2.1864473819732666,4.386603832244873,nan,nan,nan,nan,nan,nan
934,3.1738877296447754,20.319223403930664,2.5203824043273926,28.643548488616943,1.4184415340423584,2.6772618293762207,4.29224967956543,21.9535231590271,4.25112247467041,35.045623779296875,2.185255289077759,4.381954669952393,nan,nan,nan,nan,nan,nan
941,3.1815171241760254,20.31642198562622,2.5270581245422363,28.661668300628662,1.4041364192962646,2.6851296424865723,4.0811896324157715,21.671652793884277,4.020452499389648,34.069180488586426,2.0538270473480225,4.128575325012207,nan,nan,nan,nan,nan,nan
946,3.1870603561401367,20.319342613220215,2.5365352630615234,28.694629669189453,1.4050304889678955,2.696096897125244,4.081606864929199,21.65275812149048,3.9934515953063965,34.01482105255127,2.0457804203033447,4.118382930755615,nan,nan,nan,nan,nan,nan
952,1999.999761581421,1999.999761581421,1999.999761581421,1999.999761581421,1.4847517013549805,1999.999761581421,1999.999761581421,1999.999761581421,1999.999761581421,1999.999761581421,2.4552643299102783,1999.999761581421,nan,nan,nan,nan,nan,nan
957,1999.999761581421,1999.999761581421,1999.999761581421,1999.999761581421,1.4790892601013184,1999.999761581421,1999.999761581421,1999.999761581421,1999.999761581421,1999.999761581421,2.4500489234924316,1499.9998211860657,nan,nan,nan,nan,nan,nan
961,1999.999761581421,1999.999761581421,499.9999403953552,1999.999761581421,1.4995038509368896,1999.999761581421,1999.999761581421,1999.999761581421,499.9999403953552,1999.999761581421,2.4753808975219727,1999.999761581421,nan,nan,nan,nan,nan,nan
967,3.4050345420837402,20.667850971221924,2.7714967727661133,29.7238826751709,1.520216464996338,2.9259324073791504,4.925370216369629,22.67521619796753,4.887998104095459,37.669241428375244,2.471059560775757,5.011796951293945,nan,nan,nan,nan,nan,nan
1088,2.8848648071289062,20.10565996170044,2.670586109161377,28.26237678527832,1.001209020614624,2.7497410774230957,5.103111267089844,22.369205951690674,4.8583149909973145,37.222087383270264,2.149343490600586,4.9713850021362305,7.338345050811768,24.63442087173462,6.965458393096924,46.042561531066895,3.1629204750061035,7.110655307769775
1093,1999.999761581421,0.0,1999.999761581421,1999.999761581421,1.0512769222259521,0.0,1999.999761581421,0.0,1999.999761581421,1999.999761581421,2.289116382598877,0.0,1999.999761581421,1999.999761581421,1999.999761581421,1999.999761581421,3.381967544555664,1999.999761581421
1098,2.9345154762268066,20.168542861938477,2.726256847381592,28.50198745727539,1.016855239868164,2.819955348968506,5.278587341308594,22.58169651031494,5.018711090087891,37.9101037979126,2.260953187942505,5.111455917358398,7.563889026641846,24.888575077056885,7.204771041870117,46.984732151031494,3.288090229034424,7.327735424041748
1103,3.5881996154785156,20.79564332962036,3.475785255432129,31.195461750030518,1.3369321823120117,3.4876465797424316,nan,nan,nan,nan,nan,nan,nan,nan,nan,nan,nan,nan
1108,3.5113096237182617,20.770251750946045,3.535330295562744,31.159520149230957,1.363307237625122,3.4960508346557617,5.454838275909424,22.672832012176514,5.2977800369262695,38.638412952423096,2.3633241653442383,5.300164222717285,nan,nan,nan,nan,nan,nan
1113,3.5392045974731445,20.735323429107666,3.545224666595459,31.17150068283081,1.3814866542816162,3.497600555419922,5.691409111022949,22.88883924484253,5.616188049316406,39.7493839263916,2.5409460067749023,5.631446838378906,7.822751998901367,24.896085262298584,7.405579090118408,47.70451784133911,3.3459067344665527,7.580816745758057
1117,2.8818845748901367,20.098745822906494,2.680063247680664,28.264641761779785,0.9873509407043457,2.757132053375244,4.873871803283691,22.320449352264404,4.658341407775879,36.55046224594116,2.085864543914795,4.781544208526611,nan,nan,nan,nan,nan,nan
1122,3.512084484100342,20.654678344726562,3.3786892890930176,30.834853649139404,1.3099610805511475,3.4371018409729004,nan,nan,nan,nan,nan,nan,nan,nan,nan,nan,nan,nan
1127,3.575623035430908,20.768702030181885,3.47822904586792,31.163334846496582,1.3311207294464111,3.49348783493042,nan,nan,nan,nan,nan,nan,nan,nan,nan,nan,nan,nan
1132,3.5858154296875,20.77043056488037,3.492891788482666,31.20332956314087,1.328885555267334,3.502368927001953,nan,nan,nan,nan,nan,nan,nan,nan,nan,nan,nan,nan
1137,2.9067397117614746,20.133256912231445,2.7069449424743652,28.385043144226074,0.9995698928833008,2.789318561553955,5.082130432128906,22.41218090057373,4.811882972717285,37.153780460357666,2.1347403526306152,4.93234395980835,7.247865200042725,24.54310655593872,6.889402866363525,45.66258192062378,3.1079351902008057,6.990551948547363
1142,3.5756826400756836,20.81233263015747,3.56370210647583,31.35383129119873,1.3941526412963867,3.5563111305236816,5.820214748382568,23.012816905975342,5.6372880935668945,40.106892585754395,2.564340829849243,5.719661712646484,nan,nan,nan,nan,nan,nan
1148,1999.999761581421,614.0621304512024,1999.999761581421,1999.999761581421,4999.999403953552,1999.999761581421,1999.999761581421,1999.999761581421,1999.999761581421,1999.999761581421,4999.999403953552,1182.0603013038635,nan,nan,nan,nan,nan,nan
1153,2.867400646209717,20.084023475646973,2.672433853149414,28.20521593093872,0.9766221046447754,2.730250358581543,4.901111125946045,22.415637969970703,4.714250564575195,36.818623542785645,2.144724130630493,4.871010780334473,nan,nan,nan,nan,nan,nan
1158,3.5429000854492188,20.74187994003296,3.4560561180114746,31.05902671813965,1.316666603088379,3.4714341163635254,nan,nan,nan,nan,nan,nan,nan,nan,nan,nan,nan,nan
1163,2.91365385055542,20.122766494750977,2.7054548263549805,28.370141983032227,1.001805067062378,2.781391143798828,4.980623722076416,22.48018980026245,4.8187971115112305,37.12660074234009,2.1460652351379395,4.930675029754639,nan,nan,nan,nan,nan,nan
1167,3.423333168029785,20.630836486816406,3.4319162368774414,30.718863010406494,1.2952089309692383,3.3845901489257812,5.280852317810059,22.52429723739624,5.2152276039123535,38.12074661254883,2.3464858531951904,5.18190860748291,6.927192211151123,24.10411834716797,6.594657897949219,44.40051317214966,2.93046236038208,6.771206855773926
1172,2.6964545249938965,19.804179668426514,2.47269868850708,27.378380298614502,0.9286403656005859,2.552509307861328,4.423022270202637,21.816909313201904,4.230260848999023,34.75499153137207,1.9212067127227783,4.363358020782471,nan,nan,nan,nan,nan,nan
1177,2.8610825538635254,20.079970359802246,2.676725387573242,28.21141481399536,0.9819865226745605,2.7419328689575195,4.932522773742676,22.338271141052246,4.699349403381348,36.688923835754395,2.0928680896759033,4.803657531738281,nan,nan,nan,nan,nan,nan
1182,2.9355883598327637,20.16139030456543,2.728879451751709,28.497934341430664,1.0190904140472412,2.8221607208251953,5.410373210906982,22.697508335113525,5.165517330169678,38.601577281951904,2.316385507583618,5.407810211181641,7.833003997802734,25.226294994354248,7.592558860778809,48.30026626586914,3.432035446166992,7.652163505554199
1189,2.875089645385742,20.19202709197998,2.7033090591430664,28.37836742401123,0.985562801361084,2.753317356109619,nan,nan,nan,nan,nan,nan,nan,nan,nan,nan,nan,nan
1194,3.42714786529541,20.620107650756836,3.4255385398864746,30.700981616973877,1.3068318367004395,3.375411033630371,5.332350730895996,22.531569004058838,5.272626876831055,38.29669952392578,2.3697316646575928,5.241453647613525,7.203280925750732,24.404585361480713,6.918966770172119,45.55511474609375,3.1173229217529297,7.028698921203613
1199,2.9721856117248535,20.2062726020813,2.7660727500915527,28.64968776702881,1.0307133197784424,2.8604865074157715,5.346179008483887,22.668302059173584,5.10561466217041,38.258254528045654,2.3008882999420166,5.218207836151123,7.722914218902588,25.05624294281006,7.367372512817383,47.65045642852783,3.385692834854126,7.501840591430664
1204,3.533780574798584,20.717203617095947,3.4279823303222656,30.971944332122803,1.3074278831481934,3.4462809562683105,nan,nan,nan,nan,nan,nan,nan,nan,nan,nan,nan,nan
1209,3.53240966796875,20.802974700927734,3.5796165466308594,31.30161762237549,1.4166533946990967,3.5361647605895996,5.761861801147461,23.014307022094727,5.647718906402588,40.03596305847168,2.601444721221924,5.69528341293335,nan,nan,nan,nan,nan,nan
1214,2.86865234375,20.14988660812378,2.680361270904541,28.290271759033203,0.9839236736297607,2.7461647987365723,nan,nan,nan,nan,nan,nan,nan,nan,nan,nan,nan,nan
1219,3.499329090118408,20.71171998977661,3.388822078704834,30.853331089019775,1.2969970703125,3.4079551696777344,nan,nan,nan,nan,nan,nan,nan,nan,nan,nan,nan,nan
1224,2.883017063140869,20.099878311157227,2.6835203170776367,28.271496295928955,0.9846687316894531,2.751469612121582,4.89497184753418,22.35698699951172,4.687905311584473,36.67336702346802,2.108067274093628,4.815399646759033,nan,nan,nan,nan,nan,nan
1229,2.874433994293213,20.168304443359375,2.6990771293640137,28.348922729492188,0.9836256504058838,2.7593374252319336,nan,nan,nan,nan,nan,nan,nan,nan,nan,nan,nan,nan
1234,2.952873706817627,20.189881324768066,2.7393102645874023,28.575599193572998,1.029670238494873,2.843201160430908,5.424797534942627,22.78268337249756,5.169808864593506,38.59233856201172,2.3458898067474365,5.293905735015869,7.815122604370117,25.1883864402771,7.472813129425049,48.07168245315552,3.4540891647338867,7.5969696044921875
1238,3.505706787109375,20.73037624359131,3.5191774368286133,31.07893466949463,1.353919506072998,3.4743547439575195,5.541980266571045,22.7699875831604,5.398213863372803,39.01475667953491,2.416372299194336,5.393326282501221,nan,nan,nan,nan,nan,nan
1243,3.5306811332702637,20.751595497131348,3.4213662147521973,30.986905097961426,1.316368579864502,3.4359097480773926,nan,nan,nan,nan,nan,nan,nan,nan,nan,nan,nan,nan
1248,3.512561321258545,20.77615261077881,3.5328269004821777,31.1700701713562,1.347959041595459,3.4998655319213867,5.44506311416626,22.62711524963379,5.305945873260498,38.59531879425049,2.3530423641204834,5.302250385284424,nan,nan,nan,nan,nan,nan
1253,3.564894199371338,20.777583122253418,3.486156463623047,31.163573265075684,1.3297796249389648,3.4925341606140137,nan,nan,nan,nan,nan,nan,nan,nan,nan,nan,nan,nan
1258,3.514885902404785,20.731627941131592,3.506958484649658,31.074225902557373,1.3425946235656738,3.471493721008301,5.515336990356445,22.732973098754883,5.417466163635254,38.96135091781616,2.4583935737609863,5.374133586883545,7.313191890716553,24.518728256225586,6.961345672607422,45.948326587677,3.1264126300811768,7.158935070037842
1263,3.527998924255371,20.777106285095215,3.566861152648926,31.215429306030273,1.3747811317443848,3.500640392303467,5.520462989807129,22.735595703125,5.386769771575928,38.93071413040161,2.4116039276123047,5.37639856338501,nan,nan,nan,nan,nan,nan
1268,2.8811097145080566,20.089447498321533,2.683877944946289,28.245627880096436,0.9892880916595459,2.7437210083007812,4.960298538208008,22.4151611328125,4.731655120849609,36.907851696014404,2.164691686630249,4.885971546173096,nan,nan,nan,nan,nan,nan
1273,3.08072566986084,20.187079906463623,2.7573108673095703,28.725802898406982,1.229792833328247,2.856135368347168,5.278825759887695,22.607028484344482,5.021333694458008,37.9599928855896,2.2485852241516113,5.133450031280518,7.596015930175781,24.92356300354004,7.234096527099609,47.09327220916748,3.303736448287964,7.347822189331055
1278,3.5519003868103027,20.756542682647705,3.527224063873291,31.194865703582764,1.3625621795654297,3.5129189491271973,5.570054054260254,22.745847702026367,5.370676517486572,39.0506386756897,2.4250149726867676,5.4503679275512695,nan,nan,nan,nan,nan,nan
1283,3.559291362762451,20.754456520080566,3.4462809562683105,31.087040901184082,1.3245642185211182,3.4787654876708984,nan,nan,nan,nan,nan,nan,nan,nan,nan,nan,nan,nan
1288,2.890288829803467,20.18064260482788,2.7053356170654297,28.395652770996094,0.9885430335998535,2.768278121948242,nan,nan,nan,nan,nan,nan,nan,nan,nan,nan,nan,nan
1294,1999.999761581421,0.0,1999.999761581421,1999.999761581421,1.0372698307037354,1999.999761581421,1999.999761581421,0.0,1999.999761581421,1999.999761581421,2.32011079788208,1999.999761581421,7.752537727355957,25.082409381866455,7.370293140411377,47.73581027984619,3.3649802207946777,7.532238960266113
1299,3.5532712936401367,20.738184452056885,3.4339427947998047,31.036972999572754,1.318603754043579,3.4595131874084473,nan,nan,nan,nan,nan,nan,nan,nan,nan,nan,nan,nan
1304,3.497779369354248,20.740807056427002,3.5201311111450195,31.107962131500244,1.3647973537445068,3.499150276184082,5.667388439178467,22.864997386932373,5.488932132720947,39.52920436859131,2.495497465133667,5.585312843322754,nan,nan,nan,nan,nan,nan
1309,3.563404083251953,20.787596702575684,3.5704970359802246,31.316161155700684,1.4066696166992188,3.542602062225342,5.6691765785217285,22.974789142608643,5.639433860778809,39.87836837768555,2.5898218154907227,5.6729912757873535,7.561981678009033,24.876415729522705,7.26926326751709,47.1038818359375,3.3204257488250732,7.396459579467773
1314,3.549635410308838,20.767152309417725,3.556966781616211,31.222939491271973,1.370459794998169,3.496825695037842,5.592107772827148,22.816240787506104,5.501151084899902,39.29603099822998,2.5138258934020996,5.467593669891357,7.415175437927246,24.61683750152588,7.041633129119873,46.30476236343384,3.156512975692749,7.233917713165283
1319,2.8774142265319824,20.14833688735962,2.6813745498657227,28.30737829208374,0.9788572788238525,2.7533769607543945,nan,nan,nan,nan,nan,nan,nan,nan,nan,nan,nan,nan
1324,3.597736358642578,20.78002691268921,3.4846067428588867,31.223952770233154,1.331716775894165,3.5091638565063477,nan,nan,nan,nan,nan,nan,nan,nan,nan,nan,nan,nan
1330,3.6835670471191406,20.93052864074707,3.649592399597168,31.77863359451294,1.4348328113555908,3.6644935607910156,6.138086318969727,23.273050785064697,5.916953086853027,41.262805461883545,2.709031105041504,6.017148494720459,nan,nan,nan,nan,nan,nan
1335,3.5262703895568848,20.701169967651367,3.416895866394043,30.93773126602173,1.3102591037750244,3.4439563751220703,nan,nan,nan,nan,nan,nan,nan,nan,nan,nan,nan,nan
1340,2.8589963912963867,20.144522190093994,2.6677846908569336,28.24801206588745,0.9778141975402832,2.73054838180542,nan,nan,nan,nan,nan,nan,nan,nan,nan,nan,nan,nan
1345,3.494083881378174,20.721733570098877,3.5073161125183105,31.032681465148926,1.3375282287597656,3.46297025680542,5.474090576171875,22.733867168426514,5.411803722381592,38.90722990036011,2.473592758178711,5.366146564483643,7.262229919433594,24.500668048858643,6.934106349945068,45.80169916152954,3.106445074081421,7.110595703125
1350,3.567993640899658,20.800113677978516,3.5712122917175293,31.337201595306396,1.3943016529083252,3.5500526428222656,5.601942539215088,22.826433181762695,5.450963973999023,39.30622339248657,2.4847686290740967,5.510270595550537,nan,nan,nan,nan,nan,nan
1355,3.5566091537475586,20.783305168151855,3.458559513092041,31.12208843231201,1.3193488121032715,3.476262092590332,nan,nan,nan,nan,nan,nan,nan,nan,nan,nan,nan,nan
1360,3.4804940223693848,20.723283290863037,3.501713275909424,31.015098094940186,1.3393163681030273,3.4616589546203613,5.491673946380615,22.70054817199707,5.356550216674805,38.80947828292847,2.3815035820007324,5.344688892364502,nan,nan,nan,nan,nan,nan
1365,3.6267638206481934,20.83146572113037,3.6222338676452637,31.517505645751953,1.401752233505249,3.5880208015441895,5.831778049468994,22.980332374572754,5.62596321105957,39.96974229812622,2.5556981563568115,5.6119561195373535,nan,nan,nan,nan,nan,nan
1370,2.8731822967529297,20.094871520996094,2.6831626892089844,28.26368808746338,0.9888410568237305,2.757906913757324,4.92018461227417,22.394001483917236,4.718184471130371,36.78959608078003,2.1138787269592285,4.838109016418457,nan,nan,nan,nan,nan,nan
1375,3.5346150398254395,20.765304565429688,3.524899482727051,31.16154670715332,1.3522803783416748,3.4880638122558594,5.5547356605529785,22.786259651184082,5.478262901306152,39.14982080459595,2.492964267730713,5.414605140686035,7.3729753494262695,24.57493543624878,7.026612758636475,46.14150524139404,3.1413137912750244,7.171034812927246
1380,2.8501152992248535,20.130515098571777,2.6630163192749023,28.222978115081787,0.9760260581970215,2.729475498199463,nan,nan,nan,nan,nan,nan,nan,nan,nan,nan,nan,nan
1385,2.874910831451416,20.082294940948486,2.6819705963134766,28.227567672729492,0.979304313659668,2.7359724044799805,4.826605319976807,22.204220294952393,4.572510719299316,36.19980812072754,2.03549861907959,4.680037498474121,nan,nan,nan,nan,nan,nan
1390,2.8682351112365723,20.099520683288574,2.6748180389404297,28.226196765899658,0.9827315807342529,2.7341246604919434,4.822731018066406,22.258520126342773,4.628181457519531,36.339521408081055,2.049058675765991,4.7106146812438965,nan,nan,nan,nan,nan,nan
1395,2.885162830352783,20.090937614440918,2.6794075965881348,28.25474739074707,0.9876489639282227,2.7506351470947266,4.864990711212158,22.316277027130127,4.665255546569824,36.536574363708496,2.09122896194458,4.771411418914795,nan,nan,nan,nan,nan,nan
1400,2.8627514839172363,20.07591724395752,2.672255039215088,28.192520141601562,0.9760260581970215,2.733767032623291,4.870593547821045,22.261440753936768,4.623472690582275,36.40949726104736,2.0551681518554688,4.734992980957031,nan,nan,nan,nan,nan,nan
1405,3.63767147064209,20.826876163482666,3.6228299140930176,31.537771224975586,1.4078617095947266,3.600001335144043,5.889296531677246,22.97055721282959,5.633115768432617,40.05545377731323,2.554655075073242,5.648195743560791,nan,nan,nan,nan,nan,nan
1410,2.86865234375,20.074307918548584,2.6744604110717773,28.202414512634277,0.9867548942565918,2.7357935905456543,4.892528057098389,22.28832244873047,4.651844501495361,36.50379180908203,2.078115940093994,4.75466251373291,nan,nan,nan,nan,nan,nan
1414,2.86942720413208,20.15155553817749,2.683579921722412,28.300344944000244,0.9827315807342529,2.750575542449951,nan,nan,nan,nan,nan,nan,nan,nan,nan,nan,nan,nan
1419,3.6180615425109863,20.79463005065918,3.566622734069824,31.37946128845215,1.3647973537445068,3.5489797592163086,5.705893039703369,22.90940284729004,5.601704120635986,39.694905281066895,2.5622546672821045,5.562543869018555,7.590174674987793,24.827420711517334,7.246136665344238,47.06013202667236,3.2532215118408203,7.398843765258789
1424,3.589332103729248,20.791947841644287,3.5086870193481445,31.24821186065674,1.3428926467895508,3.5152435302734375,nan,nan,nan,nan,nan,nan,nan,nan,nan,nan,nan,nan
1429,3.5740137100219727,20.785629749298096,3.4882426261901855,31.18431568145752,1.341104507446289,3.4922361373901367,nan,nan,nan,nan,nan,nan,nan,nan,nan,nan,nan,nan
1434,3.4859180450439453,20.63077688217163,3.364086151123047,30.71993589401245,1.3180077075958252,3.390371799468994,nan,nan,nan,nan,nan,nan,nan,nan,nan,nan,nan,nan
1439,2.896904945373535,20.128607749938965,2.7065277099609375,28.333425521850586,0.9904801845550537,2.7580857276916504,4.972696304321289,22.414028644561768,4.764318466186523,36.9877815246582,2.163797616958618,4.919767379760742,nan,nan,nan,nan,nan,nan
1444,3.6597251892089844,20.87855339050293,3.6858320236206055,31.73983097076416,1.4306604862213135,3.668665885925293,5.9517621994018555,23.086130619049072,5.745112895965576,40.47954082489014,2.6194751262664795,5.778253078460693,nan,nan,nan,nan,nan,nan
1449,3.5062432289123535,20.74962854385376,3.5352706909179688,31.117737293243408,1.3659894466400146,3.4801363945007324,5.507826805114746,22.782564163208008,5.3847432136535645,38.96266222000122,2.41890549659729,5.372464656829834,nan,nan,nan,nan,nan,nan
1454,3.518342971801758,20.721435546875,3.427565097808838,30.958950519561768,1.3022124767303467,3.4485459327697754,nan,nan,nan,nan,nan,nan,nan,nan,nan,nan,nan,nan
1459,2.8892159461975098,20.099878311157227,2.6924610137939453,28.281986713409424,0.9879469871520996,2.750098705291748,4.900574684143066,22.376298904418945,4.705607891082764,36.745548248291016,2.131164073944092,4.850208759307861,nan,nan,nan,nan,nan,nan
1464,3.5242438316345215,20.78038454055786,3.5785436630249023,31.251072883605957,1.3940036296844482,3.5220980644226074,5.620241165161133,22.84759283065796,5.467236042022705,39.31313753128052,2.5004148483276367,5.465865135192871,nan,nan,nan,nan,nan,nan
1469,3.4786462783813477,20.651817321777344,3.3701658248901367,30.74359893798828,1.271963119506836,3.392338752746582,nan,nan,nan,nan,nan,nan,nan,nan,nan,nan,nan,nan
1474,2.8921961784362793,20.11263370513916,2.6935935020446777,28.30803394317627,0.988394021987915,2.7595162391662598,5.030930042266846,22.545456886291504,4.826605319976807,37.326931953430176,2.2070109844207764,5.007147789001465,nan,nan,nan,nan,nan,nan
1479,2.857685089111328,20.079731941223145,2.6684999465942383,28.19681167602539,0.9782612323760986,2.7394890785217285,4.803180694580078,22.288501262664795,4.62418794631958,36.37576103210449,2.0554661750793457,4.741191864013672,nan,nan,nan,nan,nan,nan
1484,3.521859645843506,20.71833610534668,3.4214258193969727,30.952930450439453,1.3086199760437012,3.445863723754883,nan,nan,nan,nan,nan,nan,nan,nan,nan,nan,nan,nan
1489,2.96175479888916,20.19524574279785,2.750396728515625,28.60623598098755,1.0345876216888428,2.8457045555114746,5.338847637176514,22.66383171081543,5.063474178314209,38.175344467163086,2.2795796394348145,5.192577838897705,7.659792900085449,25.002777576446533,7.280111312866211,47.353267669677734,3.315657377243042,7.411539554595947
1494,3.5300254821777344,20.71702480316162,3.4262537956237793,30.975341796875,1.310110092163086,3.451406955718994,nan,nan,nan,nan,nan,nan,nan,nan,nan,nan,nan,nan
1499,2.873718738555908,20.088791847229004,2.6828646659851074,28.245627880096436,0.985562801361084,2.7518868446350098,4.8670172691345215,22.264301776885986,4.62794303894043,36.39549016952515,2.0626187324523926,4.717528820037842,nan,nan,nan,nan,nan,nan
1504,3.572702407836914,20.811140537261963,3.5599470138549805,31.333327293395996,1.3816356658935547,3.540217876434326,5.659997463226318,22.92954921722412,5.566120147705078,39.634108543395996,2.5597214698791504,5.562245845794678,7.468223571777344,24.737834930419922,7.152318954467773,46.663522720336914,3.2189488410949707,7.3035359382629395
1509,2.869248390197754,20.159482955932617,2.6922225952148438,28.32132577896118,0.9760260581970215,2.7530789375305176,nan,nan,nan,nan,nan,nan,nan,nan,nan,nan,nan,nan
1513,2.9100775718688965,20.123839378356934,2.700686454772949,28.361737728118896,0.9982287883758545,2.776205539703369,4.9294233322143555,22.374272346496582,4.7307610511779785,36.786437034606934,2.1182000637054443,4.834771156311035,nan,nan,nan,nan,nan,nan
1518,3.6042332649230957,20.855069160461426,3.6385059356689453,31.544864177703857,1.42708420753479,3.5980939865112305,5.799412727355957,22.930145263671875,5.592226982116699,39.83110189437866,2.5510787963867188,5.597174167633057,nan,nan,nan,nan,nan,nan
1523,2.871096134185791,20.150601863861084,2.6845335960388184,28.30904722213745,0.9803473949432373,2.755880355834961,nan,nan,nan,nan,nan,nan,nan,nan,nan,nan,nan,nan
1528,3.5825371742248535,20.776569843292236,3.4874677658081055,31.189382076263428,1.3338029384613037,3.4935474395751953,nan,nan,nan,nan,nan,nan,nan,nan,nan,nan,nan,nan
1533,3.623664379119873,20.883619785308838,3.6666393280029297,31.657814979553223,1.4469027519226074,3.635585308074951,5.881309509277344,23.119628429412842,5.729436874389648,40.381669998168945,2.6425719261169434,5.73354959487915,nan,nan,nan,nan,nan,nan
1538,2.9709935188293457,20.205795764923096,2.7497410774230957,28.630733489990234,1.0360777378082275,2.8577446937561035,5.479156970977783,22.81510829925537,5.270540714263916,39.01571035385132,2.3661553859710693,5.5294036865234375,7.996797561645508,25.420546531677246,7.764160633087158,48.98566007614136,3.5102665424346924,7.806599140167236
1543,2.8805136680603027,20.092666149139404,2.6830434799194336,28.258800506591797,0.9880959987640381,2.7514100074768066,4.9076080322265625,22.30203151702881,4.658102989196777,36.54760122299194,2.072155475616455,4.7702789306640625,nan,nan,nan,nan,nan,nan
1548,2.8753280639648438,20.09063959121704,2.6746392250061035,28.225183486938477,0.9867548942565918,2.7385950088500977,4.902243614196777,22.349238395690918,4.680335521697998,36.656320095062256,2.1119415760040283,4.806399345397949,nan,nan,nan,nan,nan,nan
1553,3.512084484100342,20.654678344726562,3.3786892890930176,30.834853649139404,1.3099610805511475,3.4371018409729004,nan,nan,nan,nan,nan,nan,nan,nan,nan,nan,nan,nan
1558,2.8913021087646484,20.10899782180786,2.6973485946655273,28.310179710388184,0.9872019290924072,2.7614831924438477,4.9454569816589355,22.42356538772583,4.7553181648254395,36.9533896446228,2.1563470363616943,4.912614822387695,nan,nan,nan,nan,nan,nan
1563,3.596484661102295,20.817935466766357,3.593325614929199,31.412959098815918,1.3834238052368164,3.555595874786377,5.713701248168945,22.97121286392212,5.66864013671875,39.906859397888184,2.623647451400757,5.634069442749023,7.654428482055664,24.933278560638428,7.3212385177612305,47.387897968292236,3.288388252258301,7.4836015701293945
1569,3.59189510345459,20.79099416732788,3.6110281944274902,31.414926052093506,1.4042854309082031,3.570675849914551,5.801916122436523,22.91923761367798,5.605578422546387,39.85923528671265,2.5475025177001953,5.617082118988037,nan,nan,nan,nan,nan,nan
1574,1999.999761581421,0.0,1999.999761581421,1999.999761581421,1.4081597328186035,0.0,1999.999761581421,0.0,1999.999761581421,1999.999761581421,2.539902925491333,0.0,nan,nan,nan,nan,nan,nan
1579,2.8603076934814453,20.073413848876953,2.6661157608032227,28.17624807357788,0.9767711162567139,2.729058265686035,4.821479320526123,22.263824939727783,4.591584205627441,36.32444143295288,2.0766258239746094,4.730463027954102,nan,nan,nan,nan,nan,nan
1584,3.517329692840576,20.6906795501709,3.377199172973633,30.849456787109375,1.2929737567901611,3.4173130989074707,nan,nan,nan,nan,nan,nan,nan,nan,nan,nan,nan,nan
1589,2.9006600379943848,20.196735858917236,2.7187466621398926,28.44977378845215,0.9919703006744385,2.783358097076416,nan,nan,nan,nan,nan,nan,nan,nan,nan,nan,nan,nan
1594,3.589034080505371,20.788192749023438,3.474593162536621,31.20976686477661,1.3360381126403809,3.510892391204834,nan,nan,nan,nan,nan,nan,nan,nan,nan,nan,nan,nan
1598,2.878844738006592,20.163655281066895,2.692103385925293,28.340578079223633,0.9866058826446533,2.756059169769287,nan,nan,nan,nan,nan,nan,nan,nan,nan,nan,nan,nan
1603,3.647029399871826,20.8737850189209,3.6360621452331543,31.62992000579834,1.4281272888183594,3.624141216278076,6.0294270515441895,23.249685764312744,5.8473944664001465,41.0076379776001,2.683401107788086,5.971789360046387,nan,nan,nan,nan,nan,nan
1608,2.684295177459717,19.801676273345947,2.483248710632324,27.359485626220703,0.928044319152832,2.5405287742614746,4.182159900665283,21.54707908630371,3.9722323417663574,33.72699022293091,1.7824769020080566,4.10693883895874,nan,nan,nan,nan,nan,nan
1616,3.5879015922546387,20.84273099899292,3.616511821746826,31.471192836761475,1.4157593250274658,3.5730600357055664,5.798578262329102,22.94701337814331,5.574166774749756,39.80398178100586,2.5610625743865967,5.568146705627441,nan,nan,nan,nan,nan,nan
