Label ID,Full Label,Type Code,SN,Major Type ID,Sub Type ID,Time
1978,320MLF2WSBX0009,MLF2W,SBX0009,7,362,2024-03-14 09:35:23
1979,320MLF2WSBX0008,MLF2W,SBX0008,7,362,2024-03-14 09:35:23
1980,320MLF2WSBX0005,MLF2W,SBX0005,7,362,2024-03-14 09:35:23
1981,320MLF2WSBX0004,MLF2W,SBX0004,7,362,2024-03-14 09:35:23
1982,320MLF2WSBX0007,MLF2W,SBX0007,7,362,2024-03-14 09:35:23
1983,320MLF2WSBX0006,MLF2W,SBX0006,7,362,2024-03-14 09:35:23
1984,320MLF2WSBX0001,MLF2W,SBX0001,7,362,2024-03-14 09:35:23
1985,320MLF2WSBX0003,MLF2W,SBX0003,7,362,2024-03-14 09:35:23
1986,320MLF2WSBX0002,MLF2W,SBX0002,7,362,2024-03-14 09:35:23
1987,320WW20A1000008,WW20A1,000008,4,105,2024-03-14 09:35:23
1988,320WW20A1000009,WW20A1,000009,4,105,2024-03-14 09:35:23
1989,320TC9910130008,TC99,10130008,2,82,2024-03-14 09:35:23
1990,320TC9910130004,TC99,10130004,2,82,2024-03-14 09:35:23
1991,320TC9910130005,TC99,10130005,2,82,2024-03-14 09:35:23
1992,320TC9910130006,TC99,10130006,2,82,2024-03-14 09:35:23
1993,320TC9910130007,TC99,10130007,2,82,2024-03-14 09:35:23
1994,320TC9910130002,TC99,10130002,2,82,2024-03-14 09:35:23
1995,320TC9910130003,TC99,10130003,2,82,2024-03-14 09:35:23
1996,320TC9910250001,TC99,10250001,2,82,2024-03-14 09:35:23
1997,320CBTXD2000014,XXXXXX,000014,1,1,2024-03-14 09:35:23
1998,320CBTXD2000015,XXXXXX,000015,1,1,2024-03-14 09:35:24
1999,320CBTXD2000016,XXXXXX,000016,1,1,2024-03-14 09:35:24
2000,320CBTXD2000017,XXXXXX,000017,1,1,2024-03-14 09:35:24
2001,320CBTXD2000010,XXXXXX,000010,1,1,2024-03-14 09:35:24
2002,320CBTXD2000011,XXXXXX,000011,1,1,2024-03-14 09:35:24
2003,320CBTXD2000012,XXXXXX,000012,1,1,2024-03-14 09:35:24
2004,320CBTXD2000013,XXXXXX,000013,1,1,2024-03-14 09:35:24
2005,320CBTXD2000018,XXXXXX,000018,1,1,2024-03-14 09:35:24
2006,320CBTXD2000019,XXXXXX,000019,1,1,2024-03-14 09:35:24
2007,320TC9910070009,TC99,10070009,2,82,2024-03-14 09:35:24
2008,320TC9910070008,TC99,10070008,2,82,2024-03-14 09:35:24
2009,320TC9910070003,TC99,10070003,2,82,2024-03-14 09:35:24
2010,320TC9910070002,TC99,10070002,2,82,2024-03-14 09:35:24
2011,320TC9910070001,TC99,10070001,2,82,2024-03-14 09:35:24
2012,320TC9910070007,TC99,10070007,2,82,2024-03-14 09:35:24
2013,320TC9910070006,TC99,10070006,2,82,2024-03-14 09:35:24
2014,320TC9910070005,TC99,10070005,2,82,2024-03-14 09:35:24
2015,320TC9910070004,TC99,10070004,2,82,2024-03-14 09:35:24
2016,320BC9000030007,BC90,00030007,6,89,2024-03-14 09:35:24
2017,320BC9000030006,BC90,00030006,6,89,2024-03-14 09:35:24
2018,320BC9000030005,BC90,00030005,6,89,2024-03-14 09:35:24
2019,320BC9000030004,BC90,00030004,6,89,2024-03-14 09:35:24
2020,320BC9000030003,BC90,00030003,6,89,2024-03-14 09:35:24
2021,320BC9000030002,BC90,00030002,6,89,2024-03-14 09:35:24
2022,320BC9000030001,BC90,00030001,6,89,2024-03-14 09:35:24
2023,320TC9910400001,TC99,10400001,2,82,2024-03-14 09:35:24
2024,320TC9910400002,TC99,10400002,2,82,2024-03-14 09:35:24
2025,320TC9910400003,TC99,10400003,2,82,2024-03-14 09:35:24
2026,320TC9910400004,TC99,10400004,2,82,2024-03-14 09:35:24
2027,320TC9910400005,TC99,10400005,2,82,2024-03-14 09:35:24
2028,320TC9910400006,TC99,10400006,2,82,2024-03-14 09:35:24
2029,320TC9910400007,TC99,10400007,2,82,2024-03-14 09:35:24
2030,320TC9910400008,TC99,10400008,2,82,2024-03-14 09:35:24
2031,320MLR3CXNT0010,MLR3C,XNT0010,7,359,2024-03-14 09:35:24
2032,3200300000010,XXXXXX,0010,1,1,2024-03-14 09:35:24
2033,3200300000011,XXXXXX,0011,1,1,2024-03-14 09:35:24
2034,3200300000012,XXXXXX,0012,1,1,2024-03-14 09:35:24
2035,3200300000013,XXXXXX,0013,1,1,2024-03-14 09:35:24
2036,3200300000014,XXXXXX,0014,1,1,2024-03-14 09:35:24
2037,320MLF2CXCM0010,MLF2C,XCM0010,7,377,2024-03-14 09:35:24
2038,320BC9000160001,BC90,00160001,6,89,2024-03-14 09:35:24
2039,320BC9000160003,BC90,00160003,6,89,2024-03-14 09:35:24
2040,320BC9000160002,BC90,00160002,6,89,2024-03-14 09:35:24
2041,320BC9000160005,BC90,00160005,6,89,2024-03-14 09:35:24
2042,320BC9000160004,BC90,00160004,6,89,2024-03-14 09:35:24
2043,320EL0300000007,EL0300,000007,24,982,2024-03-14 09:35:24
2044,320TC9910020008,TC99,10020008,2,82,2024-03-14 09:35:24
2045,320TC9910020006,TC99,10020006,2,82,2024-03-14 09:35:24
2046,320TC9910020007,TC99,10020007,2,82,2024-03-14 09:35:24
2047,320TC9910020004,TC99,10020004,2,82,2024-03-14 09:35:24
2048,320EL0300000009,EL0300,000009,24,982,2024-03-14 09:35:24
2049,320TC9910020002,TC99,10020002,2,82,2024-03-14 09:35:24
2050,320MLF3W3SB0010,MLF3W,3SB0010,7,364,2024-03-14 09:35:24
2051,320TC9910130001,TC99,10130001,2,82,2024-03-14 09:35:24
2052,320TC9910020001,TC99,10020001,2,82,2024-03-14 09:35:24
2053,320EL0310000023,EL0310,000023,24,980,2024-03-14 09:35:24
2054,320EL0310000022,EL0310,000022,24,980,2024-03-14 09:35:25
2055,320MLF2WSBX0010,MLF2W,SBX0010,7,362,2024-03-14 09:35:25
2056,320BC9000130007,BC90,00130007,6,89,2024-03-14 09:35:25
2057,320BC9910090003,BC99,10090003,6,82,2024-03-14 09:35:25
2058,320EL0310000027,EL0310,000027,24,980,2024-03-14 09:35:25
2059,320BC9910090001,BC99,10090001,6,82,2024-03-14 09:35:25
2060,320BC9910090007,BC99,10090007,6,82,2024-03-14 09:35:25
2061,320BC9910090006,BC99,10090006,6,82,2024-03-14 09:35:25
2062,320BC9910090005,BC99,10090005,6,82,2024-03-14 09:35:25
2063,320EL0310000026,EL0310,000026,24,980,2024-03-14 09:35:25
2064,320EL0310000025,EL0310,000025,24,980,2024-03-14 09:35:25
2065,320EL0310000024,EL0310,000024,24,980,2024-03-14 09:35:25
2066,320MLF3CXTT0009,MLF3C,XTT0009,7,360,2024-03-14 09:35:25
2067,320MLF3CXTT0008,MLF3C,XTT0008,7,360,2024-03-14 09:35:25
2068,320MLF3CXTT0005,MLF3C,XTT0005,7,360,2024-03-14 09:35:25
2069,320MLF3CXTT0004,MLF3C,XTT0004,7,360,2024-03-14 09:35:25
2070,320MLF3CXTT0007,MLF3C,XTT0007,7,360,2024-03-14 09:35:25
2071,320MLF3CXTT0006,MLF3C,XTT0006,7,360,2024-03-14 09:35:25
2072,320MLF3CXTT0001,MLF3C,XTT0001,7,360,2024-03-14 09:35:25
2073,320MLF3CXTT0003,MLF3C,XTT0003,7,360,2024-03-14 09:35:25
2074,320MLF3CXTT0002,MLF3C,XTT0002,7,360,2024-03-14 09:35:25
2075,320MLF3WX0009,MLF3W,X0009,7,364,2024-03-14 09:35:25
2076,320MLF3WX0008,MLF3W,X0008,7,364,2024-03-14 09:35:25
2077,320MLF3WX0003,MLF3W,X0003,7,364,2024-03-14 09:35:25
2078,320MLF3WX0002,MLF3W,X0002,7,364,2024-03-14 09:35:25
2079,320MLF3WX0001,MLF3W,X0001,7,364,2024-03-14 09:35:25
2080,320MLF3WX0007,MLF3W,X0007,7,364,2024-03-14 09:35:25
2081,320MLF3WX0006,MLF3W,X0006,7,364,2024-03-14 09:35:25
2082,320MLF3WX0005,MLF3W,X0005,7,364,2024-03-14 09:35:25
2083,320MLF3WX0004,MLF3W,X0004,7,364,2024-03-14 09:35:25
2084,320CBTXD2000021,XXXXXX,000021,1,1,2024-03-14 09:35:25
2085,320CBTXD2000020,XXXXXX,000020,1,1,2024-03-14 09:35:25
2086,320CBTXD2000023,XXXXXX,000023,1,1,2024-03-14 09:35:25
2087,320CBTXD2000022,XXXXXX,000022,1,1,2024-03-14 09:35:25
2088,320CBTXD2000025,XXXXXX,000025,1,1,2024-03-14 09:35:25
2089,320CBTXD2000024,XXXXXX,000024,1,1,2024-03-14 09:35:25
2090,320CBTXD2000027,XXXXXX,000027,1,1,2024-03-14 09:35:25
2091,320CBTXD2000026,XXXXXX,000026,1,1,2024-03-14 09:35:25
2092,320CBTXD2000029,XXXXXX,000029,1,1,2024-03-14 09:35:25
2093,320CBTXD2000028,XXXXXX,000028,1,1,2024-03-14 09:35:25
2094,320TC9910250003,TC99,10250003,2,82,2024-03-14 09:35:25
2095,320TC9910250002,TC99,10250002,2,82,2024-03-14 09:35:25
2096,320TC9910250007,TC99,10250007,2,82,2024-03-14 09:35:25
2097,320TC9910250006,TC99,10250006,2,82,2024-03-14 09:35:25
2098,320TC9910250005,TC99,10250005,2,82,2024-03-14 09:35:25
2099,320TC9910250004,TC99,10250004,2,82,2024-03-14 09:35:25
2100,320TC9910250008,TC99,10250008,2,82,2024-03-14 09:35:25
2101,320TC9910070010,TC99,10070010,2,82,2024-03-14 09:35:25
2102,320TC9910070011,TC99,10070011,2,82,2024-03-14 09:35:25
2103,320TC9910070012,TC99,10070012,2,82,2024-03-14 09:35:25
2104,320TC9910070013,TC99,10070013,2,82,2024-03-14 09:35:25
2105,320TC9910070014,TC99,10070014,2,82,2024-03-14 09:35:25
2106,320BC9000020006,BC90,00020006,6,89,2024-03-14 09:35:25
2107,320BC9000020007,BC90,00020007,6,89,2024-03-14 09:35:25
2108,320BC9000020004,BC90,00020004,6,89,2024-03-14 09:35:25
2109,320BC9000020005,BC90,00020005,6,89,2024-03-14 09:35:26
2110,320BC9000020002,BC90,00020002,6,89,2024-03-14 09:35:26
2111,320BC9000020003,BC90,00020003,6,89,2024-03-14 09:35:26
2112,320BC9000020001,BC90,00020001,6,89,2024-03-14 09:35:26
2113,320MLF2WXIH0009,MLF2W,XIH0009,7,362,2024-03-14 09:35:26
2114,320MLF2WXIH0008,MLF2W,XIH0008,7,362,2024-03-14 09:35:26
2115,320MLF2WXIH0003,MLF2W,XIH0003,7,362,2024-03-14 09:35:26
2116,320MLF2WXIH0002,MLF2W,XIH0002,7,362,2024-03-14 09:35:26
2117,320MLF2WXIH0001,MLF2W,XIH0001,7,362,2024-03-14 09:35:26
2118,320MLF2WXIH0007,MLF2W,XIH0007,7,362,2024-03-14 09:35:26
2119,320MLF2WXIH0006,MLF2W,XIH0006,7,362,2024-03-14 09:35:26
2120,320MLF2WXIH0005,MLF2W,XIH0005,7,362,2024-03-14 09:35:26
2121,320MLF2WXIH0004,MLF2W,XIH0004,7,362,2024-03-14 09:35:26
2122,320TC9910470007,TC99,10470007,2,82,2024-03-14 09:35:26
2123,320TC9910470006,TC99,10470006,2,82,2024-03-14 09:35:26
2124,320TC9910470005,TC99,10470005,2,82,2024-03-14 09:35:26
2125,320TC9910470004,TC99,10470004,2,82,2024-03-14 09:35:26
2126,320TC9910470003,TC99,10470003,2,82,2024-03-14 09:35:26
2127,320TC9910470002,TC99,10470002,2,82,2024-03-14 09:35:26
2128,320TC9910470001,TC99,10470001,2,82,2024-03-14 09:35:26
2129,320TC9910470008,TC99,10470008,2,82,2024-03-14 09:35:26
2130,320TC9910060008,TC99,10060008,2,82,2024-03-14 09:35:26
2131,320TC9910060002,TC99,10060002,2,82,2024-03-14 09:35:26
2132,320TC9910060003,TC99,10060003,2,82,2024-03-14 09:35:26
2133,320TC9910060001,TC99,10060001,2,82,2024-03-14 09:35:26
2134,320TC9910060004,TC99,10060004,2,82,2024-03-14 09:35:26
2135,320TC9910060005,TC99,10060005,2,82,2024-03-14 09:35:26
2136,320BC9910090004,BC99,10090004,6,82,2024-03-14 09:35:26
2137,320WE30A3000007,WE30A3,000007,17,101,2024-03-14 09:35:26
2138,320WE30A3000006,WE30A3,000006,17,101,2024-03-14 09:35:26
2139,320WE30A3000005,WE30A3,000005,17,101,2024-03-14 09:35:26
2140,320WE30A3000004,WE30A3,000004,17,101,2024-03-14 09:35:26
2141,320WE30A3000002,WE30A3,000002,17,101,2024-03-14 09:35:26
2142,320WE30A3000001,WE30A3,000001,17,101,2024-03-14 09:35:26
2143,320WE30A3000009,WE30A3,000009,17,101,2024-03-14 09:35:26
2144,320WE30A3000008,WE30A3,000008,17,101,2024-03-14 09:35:26
2145,320CBTXA2000017,XXXXXX,000017,1,1,2024-03-14 09:35:26
2146,320CBTXA2000016,XXXXXX,000016,1,1,2024-03-14 09:35:26
2147,320CBTXA2000015,XXXXXX,000015,1,1,2024-03-14 09:35:26
2148,320CBTXA2000014,XXXXXX,000014,1,1,2024-03-14 09:35:26
2149,320CBTXA2000013,XXXXXX,000013,1,1,2024-03-14 09:35:26
2150,320CBTXA2000012,XXXXXX,000012,1,1,2024-03-14 09:35:26
2151,320CBTXA2000011,XXXXXX,000011,1,1,2024-03-14 09:35:26
2152,320CBTXA2000010,XXXXXX,000010,1,1,2024-03-14 09:35:26
2153,320CBTXA2000019,XXXXXX,000019,1,1,2024-03-14 09:35:26
2154,320CBTXA2000018,XXXXXX,000018,1,1,2024-03-14 09:35:26
2155,320BC9910090008,BC99,10090008,6,82,2024-03-14 09:35:26
2156,320MLF3CXTT0010,MLF3C,XTT0010,7,360,2024-03-14 09:35:26
2157,320MLF3WX0010,MLF3W,X0010,7,364,2024-03-14 09:35:26
2158,320CBTXD2000038,XXXXXX,000038,1,1,2024-03-14 09:35:27
2159,320CBTXD2000036,XXXXXX,000036,1,1,2024-03-14 09:35:27
2160,320CBTXD2000037,XXXXXX,000037,1,1,2024-03-14 09:35:27
2161,320CBTXD2000034,XXXXXX,000034,1,1,2024-03-14 09:35:27
2162,320CBTXD2000035,XXXXXX,000035,1,1,2024-03-14 09:35:27
2163,320CBTXD2000032,XXXXXX,000032,1,1,2024-03-14 09:35:27
2164,320CBTXD2000033,XXXXXX,000033,1,1,2024-03-14 09:35:27
2165,320CBTXD2000030,XXXXXX,000030,1,1,2024-03-14 09:35:27
2166,320CBTXD2000031,XXXXXX,000031,1,1,2024-03-14 09:35:27
2167,320CBTXC2000050,XXXXXX,000050,1,1,2024-03-14 09:35:27
2168,320TC9910030009,TC99,10030009,2,82,2024-03-14 09:35:27
2169,320TC9910030008,TC99,10030008,2,82,2024-03-14 09:35:27
2170,320TC9910030007,TC99,10030007,2,82,2024-03-14 09:35:27
2171,320TC9910030006,TC99,10030006,2,82,2024-03-14 09:35:27
2172,320TC9910030005,TC99,10030005,2,82,2024-03-14 09:35:27
2173,320TC9910030004,TC99,10030004,2,82,2024-03-14 09:35:27
2174,320TC9910030003,TC99,10030003,2,82,2024-03-14 09:35:27
2175,320TC9910030002,TC99,10030002,2,82,2024-03-14 09:35:27
2176,320TC9910030001,TC99,10030001,2,82,2024-03-14 09:35:27
2177,320BC9910090002,BC99,10090002,6,82,2024-03-14 09:35:27
2178,320MLF2WXIH0010,MLF2W,XIH0010,7,362,2024-03-14 09:35:27
2179,320WW11A1000001,WW11A1,000001,4,103,2024-03-14 09:35:27
2180,320MLF2CXTT0010,MLF2C,XTT0010,7,377,2024-03-14 09:35:27
2181,320WW30A2000008,WW30A2,000008,4,107,2024-03-14 09:35:27
2182,320WW30A2000009,WW30A2,000009,4,107,2024-03-14 09:35:27
2183,320WW30A2000004,WW30A2,000004,4,107,2024-03-14 09:35:27
2184,320WW30A2000005,WW30A2,000005,4,107,2024-03-14 09:35:27
2185,320WW30A2000006,WW30A2,000006,4,107,2024-03-14 09:35:27
2186,320WW30A2000007,WW30A2,000007,4,107,2024-03-14 09:35:27
2187,320WW30A2000001,WW30A2,000001,4,107,2024-03-14 09:35:27
2188,320WW30A2000002,WW30A2,000002,4,107,2024-03-14 09:35:27
2189,320WW30A2000003,WW30A2,000003,4,107,2024-03-14 09:35:27
2190,320MLF3WXSB0008,MLF3W,XSB0008,7,364,2024-03-14 09:35:27
2191,320MLF3WXSB0009,MLF3W,XSB0009,7,364,2024-03-14 09:35:27
2192,320TC9910370008,TC99,10370008,2,82,2024-03-14 09:35:27
2193,320TC9910370006,TC99,10370006,2,82,2024-03-14 09:35:27
2194,320TC9910370007,TC99,10370007,2,82,2024-03-14 09:35:27
2195,320TC9910370004,TC99,10370004,2,82,2024-03-14 09:35:27
2196,320TC9910370005,TC99,10370005,2,82,2024-03-14 09:35:27
2197,320TC9910370002,TC99,10370002,2,82,2024-03-14 09:35:27
2198,320TC9910370003,TC99,10370003,2,82,2024-03-14 09:35:27
2199,320TC9910370001,TC99,10370001,2,82,2024-03-14 09:35:27
2200,320MLF3WXSB0007,MLF3W,XSB0007,7,364,2024-03-14 09:35:27
2201,320CBTXA2000004,XXXXXX,000004,1,1,2024-03-14 09:35:27
2202,320CBTXA2000005,XXXXXX,000005,1,1,2024-03-14 09:35:27
2203,320CBTXA2000006,XXXXXX,000006,1,1,2024-03-14 09:35:27
2204,320CBTXA2000007,XXXXXX,000007,1,1,2024-03-14 09:35:27
2205,320CBTXA2000001,XXXXXX,000001,1,1,2024-03-14 09:35:27
2206,320CBTXA2000002,XXXXXX,000002,1,1,2024-03-14 09:35:28
2207,320CBTXA2000003,XXXXXX,000003,1,1,2024-03-14 09:35:28
2208,320CBTXD2000047,XXXXXX,000047,1,1,2024-03-14 09:35:28
2209,320CBTXA2000008,XXXXXX,000008,1,1,2024-03-14 09:35:28
2210,320CBTXA2000009,XXXXXX,000009,1,1,2024-03-14 09:35:28
2211,320CBTXD2000049,XXXXXX,000049,1,1,2024-03-14 09:35:28
2212,320CBTXD2000048,XXXXXX,000048,1,1,2024-03-14 09:35:28
2213,320CBTXD2000043,XXXXXX,000043,1,1,2024-03-14 09:35:28
2214,320CBTXD2000042,XXXXXX,000042,1,1,2024-03-14 09:35:28
2215,320CBTXD2000041,XXXXXX,000041,1,1,2024-03-14 09:35:28
2216,320CBTXD2000040,XXXXXX,000040,1,1,2024-03-14 09:35:28
2217,320EL0300000042,EL0300,000042,24,982,2024-03-14 09:35:28
2218,320CBTXD2000046,XXXXXX,000046,1,1,2024-03-14 09:35:28
2219,320EL0300000040,EL0300,000040,24,982,2024-03-14 09:35:28
2220,320EL0300000041,EL0300,000041,24,982,2024-03-14 09:35:28
2221,320TC9910160008,TC99,10160008,2,82,2024-03-14 09:35:28
2222,320TC9910160001,TC99,10160001,2,82,2024-03-14 09:35:28
2223,320TC9910160003,TC99,10160003,2,82,2024-03-14 09:35:28
2224,320TC9910160002,TC99,10160002,2,82,2024-03-14 09:35:28
2225,320TC9910160005,TC99,10160005,2,82,2024-03-14 09:35:28
2226,320TC9910160004,TC99,10160004,2,82,2024-03-14 09:35:28
2227,320TC9910160007,TC99,10160007,2,82,2024-03-14 09:35:28
2228,320TC9910160006,TC99,10160006,2,82,2024-03-14 09:35:28
2229,320CBTXC2000042,XXXXXX,000042,1,1,2024-03-14 09:35:28
2230,320CBTXC2000043,XXXXXX,000043,1,1,2024-03-14 09:35:28
2231,320CBTXC2000040,XXXXXX,000040,1,1,2024-03-14 09:35:28
2232,320CBTXC2000041,XXXXXX,000041,1,1,2024-03-14 09:35:28
2233,320CBTXC2000046,XXXXXX,000046,1,1,2024-03-14 09:35:28
2234,320CBTXC2000047,XXXXXX,000047,1,1,2024-03-14 09:35:28
2235,320CBTXC2000044,XXXXXX,000044,1,1,2024-03-14 09:35:28
2236,320CBTXC2000045,XXXXXX,000045,1,1,2024-03-14 09:35:28
2237,320CBTXC2000048,XXXXXX,000048,1,1,2024-03-14 09:35:28
2238,320CBTXC2000049,XXXXXX,000049,1,1,2024-03-14 09:35:28
2239,320TC9910030014,TC99,10030014,2,82,2024-03-14 09:35:28
2240,320TC9910030015,TC99,10030015,2,82,2024-03-14 09:35:28
2241,320TC9910030016,TC99,10030016,2,82,2024-03-14 09:35:28
2242,320TC9910030010,TC99,10030010,2,82,2024-03-14 09:35:28
2243,320TC9910030011,TC99,10030011,2,82,2024-03-14 09:35:28
2244,320TC9910030012,TC99,10030012,2,82,2024-03-14 09:35:28
2245,320TC9910030013,TC99,10030013,2,82,2024-03-14 09:35:28
2246,320EL0310000013,EL0310,000013,24,980,2024-03-14 09:35:28
2247,320MLMLF3WXSBX0,XXXXXX,WXSBX000,1,1,2024-03-14 09:35:28
2248,320TI9910010001,TI99,10010001,19,82,2024-03-14 09:35:28
2256,320CBTXA2000026,XXXXXX,000026,1,1,2024-03-14 09:35:28
2257,320CBTXA2000024,XXXXXX,000024,1,1,2024-03-14 09:35:28
2258,320BC9910110016,BC99,10110016,6,82,2024-03-14 09:35:28
2259,320BC9910110015,BC99,10110015,6,82,2024-03-14 09:35:28
2260,320CBTXA2000025,XXXXXX,000025,1,1,2024-03-14 09:35:28
2261,320BC9910110013,BC99,10110013,6,82,2024-03-14 09:35:28
2262,320BC9910110012,BC99,10110012,6,82,2024-03-14 09:35:29
2263,320BC9910110011,BC99,10110011,6,82,2024-03-14 09:35:29
2264,320BC9910110010,BC99,10110010,6,82,2024-03-14 09:35:29
2265,320CBTXA2000022,XXXXXX,000022,1,1,2024-03-14 09:35:29
2266,320CBTXA2000021,XXXXXX,000021,1,1,2024-03-14 09:35:29
2267,320MLF3WSBX0010,MLF3W,SBX0010,7,364,2024-03-14 09:35:29
2268,320MLR3CXSB0006,MLR3C,XSB0006,7,359,2024-03-14 09:35:29
2269,320MLR3CXSB0007,MLR3C,XSB0007,7,359,2024-03-14 09:35:29
2270,320MLR3CXSB0004,MLR3C,XSB0004,7,359,2024-03-14 09:35:29
2271,320MLR3CXSB0002,MLR3C,XSB0002,7,359,2024-03-14 09:35:29
2272,320MLR3CXSB0003,MLR3C,XSB0003,7,359,2024-03-14 09:35:29
2273,320MLR3CXSB0001,MLR3C,XSB0001,7,359,2024-03-14 09:35:29
2274,320WE20A1000006,WE20A1,000006,17,105,2024-03-14 09:35:29
2275,320WE20A1000007,WE20A1,000007,17,105,2024-03-14 09:35:29
2276,320WE20A1000004,WE20A1,000004,17,105,2024-03-14 09:35:29
2277,320WE20A1000005,WE20A1,000005,17,105,2024-03-14 09:35:29
2278,320WE20A1000002,WE20A1,000002,17,105,2024-03-14 09:35:29
2279,320WE20A1000001,WE20A1,000001,17,105,2024-03-14 09:35:29
2280,320WE20A1000008,WE20A1,000008,17,105,2024-03-14 09:35:29
2281,320WE20A1000009,WE20A1,000009,17,105,2024-03-14 09:35:29
2282,320TC9910040008,TC99,10040008,2,82,2024-03-14 09:35:29
2283,320TC9910040001,TC99,10040001,2,82,2024-03-14 09:35:29
2284,320TC9910040002,TC99,10040002,2,82,2024-03-14 09:35:29
2285,320TC9910040003,TC99,10040003,2,82,2024-03-14 09:35:29
2286,320TC9910040004,TC99,10040004,2,82,2024-03-14 09:35:29
2287,320TC9910040005,TC99,10040005,2,82,2024-03-14 09:35:29
2288,320TC9910040006,TC99,10040006,2,82,2024-03-14 09:35:29
2289,320TC9910040007,TC99,10040007,2,82,2024-03-14 09:35:29
2290,320MLF3WXSB0006,MLF3W,XSB0006,7,364,2024-03-14 09:35:29
2291,320TC9910230005,TC99,10230005,2,82,2024-03-14 09:35:29
2292,320TC9910230004,TC99,10230004,2,82,2024-03-14 09:35:29
2293,320TC9910230007,TC99,10230007,2,82,2024-03-14 09:35:29
2294,320TC9910230006,TC99,10230006,2,82,2024-03-14 09:35:29
2295,320TC9910230001,TC99,10230001,2,82,2024-03-14 09:35:29
2296,320TC9910340008,TC99,10340008,2,82,2024-03-14 09:35:29
2297,320TC9910230003,TC99,10230003,2,82,2024-03-14 09:35:29
2298,320TC9910230002,TC99,10230002,2,82,2024-03-14 09:35:29
2299,320TC9910340005,TC99,10340005,2,82,2024-03-14 09:35:29
2300,320TC9910340007,TC99,10340007,2,82,2024-03-14 09:35:29
2301,320TC9910340006,TC99,10340006,2,82,2024-03-14 09:35:29
2302,320TC9910340001,TC99,10340001,2,82,2024-03-14 09:35:29
2303,320TC9910230008,TC99,10230008,2,82,2024-03-14 09:35:29
2304,320TC9910340003,TC99,10340003,2,82,2024-03-14 09:35:29
2305,320TC9910340002,TC99,10340002,2,82,2024-03-14 09:35:29
2306,320MLF3WXSB0004,MLF3W,XSB0004,7,364,2024-03-14 09:35:29
2307,320CBTXC2000030,XXXXXX,000030,1,1,2024-03-14 09:35:29
2308,320MLF3WXSB0005,MLF3W,XSB0005,7,364,2024-03-14 09:35:29
2309,320MLF3WXSB0002,MLF3W,XSB0002,7,364,2024-03-14 09:35:29
2310,320CBTXA2000031,XXXXXX,000031,1,1,2024-03-14 09:35:29
2311,320CBTXA2000030,XXXXXX,000030,1,1,2024-03-14 09:35:29
2312,320CBTXA2000033,XXXXXX,000033,1,1,2024-03-14 09:35:29
2313,320CBTXA2000032,XXXXXX,000032,1,1,2024-03-14 09:35:30
2314,320CBTXA2000035,XXXXXX,000035,1,1,2024-03-14 09:35:30
2315,320CBTXA2000034,XXXXXX,000034,1,1,2024-03-14 09:35:30
2316,320CBTXA2000037,XXXXXX,000037,1,1,2024-03-14 09:35:30
2317,320CBTXA2000036,XXXXXX,000036,1,1,2024-03-14 09:35:30
2318,320CBTXA2000039,XXXXXX,000039,1,1,2024-03-14 09:35:30
2319,320CBTXA2000038,XXXXXX,000038,1,1,2024-03-14 09:35:30
2320,320MLF3WXSB0003,MLF3W,XSB0003,7,364,2024-03-14 09:35:30
2321,320EL0300000039,EL0300,000039,24,982,2024-03-14 09:35:30
2322,320EL0300000038,EL0300,000038,24,982,2024-03-14 09:35:30
2323,320EL0300000033,EL0300,000033,24,982,2024-03-14 09:35:30
2324,320EL0300000032,EL0300,000032,24,982,2024-03-14 09:35:30
2325,320EL0300000031,EL0300,000031,24,982,2024-03-14 09:35:30
2326,320EL0300000030,EL0300,000030,24,982,2024-03-14 09:35:30
2327,320EL0300000037,EL0300,000037,24,982,2024-03-14 09:35:30
2328,320EL0300000036,EL0300,000036,24,982,2024-03-14 09:35:30
2329,320EL0300000035,EL0300,000035,24,982,2024-03-14 09:35:30
2330,320EL0300000034,EL0300,000034,24,982,2024-03-14 09:35:30
2331,320WW30A3000005,WW30A3,000005,4,101,2024-03-14 09:35:30
2332,320WW30A3000004,WW30A3,000004,4,101,2024-03-14 09:35:30
2333,320WW30A3000007,WW30A3,000007,4,101,2024-03-14 09:35:30
2334,320WW30A3000006,WW30A3,000006,4,101,2024-03-14 09:35:30
2335,320WW30A3000009,WW30A3,000009,4,101,2024-03-14 09:35:30
2336,320WW30A3000008,WW30A3,000008,4,101,2024-03-14 09:35:30
2338,320BC9910110009,BC99,10110009,6,82,2024-03-14 09:35:30
2339,320MLF3WSBX0008,MLF3W,SBX0008,7,364,2024-03-14 09:35:30
2340,320MLF3WSBX0009,MLF3W,SBX0009,7,364,2024-03-14 09:35:30
2341,320BC9000160007,BC90,00160007,6,89,2024-03-14 09:35:30
2342,320MLF3WSBX0001,MLF3W,SBX0001,7,364,2024-03-14 09:35:30
2343,320MLF3WSBX0002,MLF3W,SBX0002,7,364,2024-03-14 09:35:30
2344,320BC9000160006,BC90,00160006,6,89,2024-03-14 09:35:30
2345,320MLF3WSBX0004,MLF3W,SBX0004,7,364,2024-03-14 09:35:30
2346,320MLF3WSBX0005,MLF3W,SBX0005,7,364,2024-03-14 09:35:30
2347,320MLF3WSBX0006,MLF3W,SBX0006,7,364,2024-03-14 09:35:30
2348,320MLF3WSBX0007,MLF3W,SBX0007,7,364,2024-03-14 09:35:30
2349,320TC9910460006,TC99,10460006,2,82,2024-03-14 09:35:30
2350,320TC9910460007,TC99,10460007,2,82,2024-03-14 09:35:30
2351,320TC9910460004,TC99,10460004,2,82,2024-03-14 09:35:30
2352,320TC9910460005,TC99,10460005,2,82,2024-03-14 09:35:30
2353,320TC9910460002,TC99,10460002,2,82,2024-03-14 09:35:30
2354,320TC9910460003,TC99,10460003,2,82,2024-03-14 09:35:30
2355,320TC9910460001,TC99,10460001,2,82,2024-03-14 09:35:31
2356,320TC9910460008,TC99,10460008,2,82,2024-03-14 09:35:31
2357,320MLF3WXSB0001,MLF3W,XSB0001,7,364,2024-03-14 09:35:31
2358,320TC9910120006,TC99,10120006,2,82,2024-03-14 09:35:31
2359,320100300000014,100300,000014,24,982,2024-03-14 09:35:31
2360,320100300000011,100300,000011,24,982,2024-03-14 09:35:31
2361,320100300000010,100300,000010,24,982,2024-03-14 09:35:31
2362,320100300000013,100300,000013,24,982,2024-03-14 09:35:31
2363,320100300000012,100300,000012,24,982,2024-03-14 09:35:31
2364,320TC9910440008,TC99,10440008,2,82,2024-03-14 09:35:31
2365,320EL0310000010,EL0310,000010,24,980,2024-03-14 09:35:31
2366,320EL0310000011,EL0310,000011,24,980,2024-03-14 09:35:31
2367,320WW20A1000001,WW20A1,000001,4,105,2024-03-14 09:35:31
2368,320WW20A1000002,WW20A1,000002,4,105,2024-03-14 09:35:31
2369,320WW20A1000004,WW20A1,000004,4,105,2024-03-14 09:35:31
2370,320WW20A1000005,WW20A1,000005,4,105,2024-03-14 09:35:31
2371,320WW20A1000006,WW20A1,000006,4,105,2024-03-14 09:35:31
2372,320WW20A1000007,WW20A1,000007,4,105,2024-03-14 09:35:31
2373,320TC9910140008,TC99,10140008,2,82,2024-03-14 09:35:31
2374,320TC9910140003,TC99,10140003,2,82,2024-03-14 09:35:31
2375,320TC9910140002,TC99,10140002,2,82,2024-03-14 09:35:31
2376,320TC9910140001,TC99,10140001,2,82,2024-03-14 09:35:31
2377,320TC9910140007,TC99,10140007,2,82,2024-03-14 09:35:31
2378,320TC9910140006,TC99,10140006,2,82,2024-03-14 09:35:31
2379,320TC9910140005,TC99,10140005,2,82,2024-03-14 09:35:31
2380,320TC9910140004,TC99,10140004,2,82,2024-03-14 09:35:31
2381,320BC9000100007,BC90,00100007,6,89,2024-03-14 09:35:31
2382,320BC9000100006,BC90,00100006,6,89,2024-03-14 09:35:31
2383,320BC9000100005,BC90,00100005,6,89,2024-03-14 09:35:31
2384,320BC9000100004,BC90,00100004,6,89,2024-03-14 09:35:31
2385,320BC9000100003,BC90,00100003,6,89,2024-03-14 09:35:31
2386,320BC9000100002,BC90,00100002,6,89,2024-03-14 09:35:31
2387,320BC9000100001,BC90,00100001,6,89,2024-03-14 09:35:31
2388,320CBTXB2000005,XXXXXX,000005,1,1,2024-03-14 09:35:31
2389,320CBTXB2000004,XXXXXX,000004,1,1,2024-03-14 09:35:31
2390,320CBTXB2000007,XXXXXX,000007,1,1,2024-03-14 09:35:31
2391,320CBTXC2000034,XXXXXX,000034,1,1,2024-03-14 09:35:31
2392,320CBTXB2000001,XXXXXX,000001,1,1,2024-03-14 09:35:31
2393,320WW11A1000002,WW11A1,000002,4,103,2024-03-14 09:35:31
2394,320WW11A1000003,WW11A1,000003,4,103,2024-03-14 09:35:31
2395,320WW11A1000004,WW11A1,000004,4,103,2024-03-14 09:35:31
2396,320CBTXB2000003,XXXXXX,000003,1,1,2024-03-14 09:35:31
2397,320EL0300000028,EL0300,000028,24,982,2024-03-14 09:35:31
2398,320EL0300000029,EL0300,000029,24,982,2024-03-14 09:35:31
2399,320TC9910320005,TC99,10320005,2,82,2024-03-14 09:35:31
2400,320EL0300000020,EL0300,000020,24,982,2024-03-14 09:35:31
2401,320EL0300000021,EL0300,000021,24,982,2024-03-14 09:35:31
2402,320EL0300000022,EL0300,000022,24,982,2024-03-14 09:35:31
2403,320EL0300000023,EL0300,000023,24,982,2024-03-14 09:35:32
2404,320EL0300000024,EL0300,000024,24,982,2024-03-14 09:35:32
2405,320EL0300000025,EL0300,000025,24,982,2024-03-14 09:35:32
2406,320EL0300000026,EL0300,000026,24,982,2024-03-14 09:35:32
2407,320EL0300000027,EL0300,000027,24,982,2024-03-14 09:35:32
2408,320TI9910010007,TI99,10010007,19,82,2024-03-14 09:35:32
2409,320TI9910010006,TI99,10010006,19,82,2024-03-14 09:35:32
2410,320TI9910010005,TI99,10010005,19,82,2024-03-14 09:35:32
2411,320TI9910010004,TI99,10010004,19,82,2024-03-14 09:35:32
2412,320TI9910010002,TI99,10010002,19,82,2024-03-14 09:35:32
2413,320CBTXA2000028,XXXXXX,000028,1,1,2024-03-14 09:35:32
2414,320CBTXA2000029,XXXXXX,000029,1,1,2024-03-14 09:35:32
2415,320CBTXA2000027,XXXXXX,000027,1,1,2024-03-14 09:35:32
2416,320CBTXA2000023,XXXXXX,000023,1,1,2024-03-14 09:35:32
2417,320CBTXA2000020,XXXXXX,000020,1,1,2024-03-14 09:35:32
2418,320TI9910010008,TI99,10010008,19,82,2024-03-14 09:35:32
2419,320CBTXD2000045,XXXXXX,000045,1,1,2024-03-14 09:35:32
2420,320CBTXD2000044,XXXXXX,000044,1,1,2024-03-14 09:35:32
2421,320100300000008,100300,000008,24,982,2024-03-14 09:35:32
2422,320100300000009,100300,000009,24,982,2024-03-14 09:35:32
2423,320100300000002,100300,000002,24,982,2024-03-14 09:35:32
2424,320100300000003,100300,000003,24,982,2024-03-14 09:35:32
2425,320100300000001,100300,000001,24,982,2024-03-14 09:35:32
2426,320100300000006,100300,000006,24,982,2024-03-14 09:35:32
2427,320100300000007,100300,000007,24,982,2024-03-14 09:35:32
2428,320100300000004,100300,000004,24,982,2024-03-14 09:35:32
2429,320100300000005,100300,000005,24,982,2024-03-14 09:35:32
2430,320EL0310000020,EL0310,000020,24,980,2024-03-14 09:35:32
2431,320TC9910350004,TC99,10350004,2,82,2024-03-14 09:35:32
2432,320TC9910350005,TC99,10350005,2,82,2024-03-14 09:35:32
2433,320TC9910350006,TC99,10350006,2,82,2024-03-14 09:35:32
2434,320TC9910350007,TC99,10350007,2,82,2024-03-14 09:35:32
2435,320TC9910350001,TC99,10350001,2,82,2024-03-14 09:35:32
2436,320TC9910350002,TC99,10350002,2,82,2024-03-14 09:35:32
2437,320TC9910350003,TC99,10350003,2,82,2024-03-14 09:35:32
2438,320TC9910320008,TC99,10320008,2,82,2024-03-14 09:35:32
2439,320TC9910430003,TC99,10430003,2,82,2024-03-14 09:35:32
2440,320TC9910430002,TC99,10430002,2,82,2024-03-14 09:35:32
2441,320TC9910430001,TC99,10430001,2,82,2024-03-14 09:35:32
2442,320TC9910430007,TC99,10430007,2,82,2024-03-14 09:35:32
2443,320TC9910430006,TC99,10430006,2,82,2024-03-14 09:35:32
2444,320TC9910430005,TC99,10430005,2,82,2024-03-14 09:35:32
2445,320TC9910430004,TC99,10430004,2,82,2024-03-14 09:35:32
2446,320TC9910430008,TC99,10430008,2,82,2024-03-14 09:35:32
2447,320BC9000110006,BC90,00110006,6,89,2024-03-14 09:35:32
2448,320BC9000110007,BC90,00110007,6,89,2024-03-14 09:35:32
2449,320BC9000110004,BC90,00110004,6,89,2024-03-14 09:35:32
2450,320BC9000110005,BC90,00110005,6,89,2024-03-14 09:35:32
2451,320BC9000110002,BC90,00110002,6,89,2024-03-14 09:35:32
2452,320BC9000110003,BC90,00110003,6,89,2024-03-14 09:35:32
2453,320TC9910020005,TC99,10020005,2,82,2024-03-14 09:35:33
2454,320XL1001000014,XL10,01000014,14,430,2024-03-14 09:35:33
2455,320XL1001000013,XL10,01000013,14,430,2024-03-14 09:35:33
2456,320XL1001000012,XL10,01000012,14,430,2024-03-14 09:35:33
2457,320XL1001000011,XL10,01000011,14,430,2024-03-14 09:35:33
2458,320XL1001000010,XL10,01000010,14,430,2024-03-14 09:35:33
2459,320MHF1WXNT0010,MHF1W,XNT0010,8,386,2024-03-14 09:35:33
2460,320TC9910150008,TC99,10150008,2,82,2024-03-14 09:35:33
2461,320TC9910150002,TC99,10150002,2,82,2024-03-14 09:35:33
2462,320TC9910150003,TC99,10150003,2,82,2024-03-14 09:35:33
2463,320TC9910150001,TC99,10150001,2,82,2024-03-14 09:35:33
2464,320TC9910150006,TC99,10150006,2,82,2024-03-14 09:35:33
2465,320TC9910150007,TC99,10150007,2,82,2024-03-14 09:35:33
2466,320TC9910150004,TC99,10150004,2,82,2024-03-14 09:35:33
2467,320TC9910150005,TC99,10150005,2,82,2024-03-14 09:35:33
2468,320WE20B1000007,WE20B1,000007,17,443,2024-03-14 09:35:33
2469,320WE20B1000006,WE20B1,000006,17,443,2024-03-14 09:35:33
2470,320WE20B1000005,WE20B1,000005,17,443,2024-03-14 09:35:33
2471,320WE20B1000004,WE20B1,000004,17,443,2024-03-14 09:35:33
2472,320WE20B1000009,WE20B1,000009,17,443,2024-03-14 09:35:33
2473,320WE20B1000008,WE20B1,000008,17,443,2024-03-14 09:35:33
2474,320EL0300000015,EL0300,000015,24,982,2024-03-14 09:35:33
2475,320EL0300000014,EL0300,000014,24,982,2024-03-14 09:35:33
2476,320EL0300000017,EL0300,000017,24,982,2024-03-14 09:35:33
2477,320EL0300000016,EL0300,000016,24,982,2024-03-14 09:35:33
2478,320EL0300000011,EL0300,000011,24,982,2024-03-14 09:35:33
2479,320EL0300000010,EL0300,000010,24,982,2024-03-14 09:35:33
2480,320EL0300000013,EL0300,000013,24,982,2024-03-14 09:35:33
2481,320EL0300000012,EL0300,000012,24,982,2024-03-14 09:35:33
2482,320EL0300000019,EL0300,000019,24,982,2024-03-14 09:35:33
2483,320EL0300000018,EL0300,000018,24,982,2024-03-14 09:35:33
2484,320CBTXA2000050,XXXXXX,000050,1,1,2024-03-14 09:35:33
2485,320CBTXB2000041,XXXXXX,000041,1,1,2024-03-14 09:35:33
2486,320CBTXB2000040,XXXXXX,000040,1,1,2024-03-14 09:35:33
2487,320CBTXB2000043,XXXXXX,000043,1,1,2024-03-14 09:35:33
2488,320CBTXB2000042,XXXXXX,000042,1,1,2024-03-14 09:35:33
2489,320CBTXB2000045,XXXXXX,000045,1,1,2024-03-14 09:35:33
2490,320CBTXB2000044,XXXXXX,000044,1,1,2024-03-14 09:35:33
2491,320CBTXB2000047,XXXXXX,000047,1,1,2024-03-14 09:35:33
2492,320CBTXB2000046,XXXXXX,000046,1,1,2024-03-14 09:35:33
2493,320CBTXB2000049,XXXXXX,000049,1,1,2024-03-14 09:35:34
2494,320CBTXB2000048,XXXXXX,000048,1,1,2024-03-14 09:35:34
2495,320BC9000010005,BC90,00010005,6,89,2024-03-14 09:35:34
2496,320BC9000010004,BC90,00010004,6,89,2024-03-14 09:35:34
2497,320BC9000010007,BC90,00010007,6,89,2024-03-14 09:35:34
2498,320BC9000010006,BC90,00010006,6,89,2024-03-14 09:35:34
2499,320BC9000010001,BC90,00010001,6,89,2024-03-14 09:35:34
2500,320BC9000010003,BC90,00010003,6,89,2024-03-14 09:35:34
2501,320BC9000010002,BC90,00010002,6,89,2024-03-14 09:35:34
2503,320BC9000110001,BC90,00110001,6,89,2024-03-14 09:35:34
2504,320MLF3WXCM0001,MLF3W,XCM0001,7,364,2024-03-14 09:35:34
2505,320MLF3WXCM0003,MLF3W,XCM0003,7,364,2024-03-14 09:35:34
2506,320MLF3WXCM0002,MLF3W,XCM0002,7,364,2024-03-14 09:35:34
2507,320MLF3WXCM0005,MLF3W,XCM0005,7,364,2024-03-14 09:35:34
2508,320MLF3WXCM0004,MLF3W,XCM0004,7,364,2024-03-14 09:35:34
2509,320MLF3WXCM0007,MLF3W,XCM0007,7,364,2024-03-14 09:35:34
2510,320MLF3WXCM0006,MLF3W,XCM0006,7,364,2024-03-14 09:35:34
2511,320MLF3WXCM0009,MLF3W,XCM0009,7,364,2024-03-14 09:35:34
2512,320MLF3WXCM0008,MLF3W,XCM0008,7,364,2024-03-14 09:35:34
2513,320TC9910100008,TC99,10100008,2,82,2024-03-14 09:35:34
2514,320TC9910100007,TC99,10100007,2,82,2024-03-14 09:35:34
2515,320TC9910100006,TC99,10100006,2,82,2024-03-14 09:35:34
2516,320TC9910100005,TC99,10100005,2,82,2024-03-14 09:35:34
2517,320TC9910100004,TC99,10100004,2,82,2024-03-14 09:35:34
2518,320TC9910100003,TC99,10100003,2,82,2024-03-14 09:35:34
2519,320TC9910100002,TC99,10100002,2,82,2024-03-14 09:35:34
2520,320TC9910100001,TC99,10100001,2,82,2024-03-14 09:35:34
2521,320MLR3CXSB0010,MLR3C,XSB0010,7,359,2024-03-14 09:35:34
2522,320MHF1CXNT0001,MHF1C,XNT0001,8,379,2024-03-14 09:35:34
2523,320TC9910080016,TC99,10080016,2,82,2024-03-14 09:35:34
2524,320TC9910080015,TC99,10080015,2,82,2024-03-14 09:35:34
2525,320TC9910080014,TC99,10080014,2,82,2024-03-14 09:35:34
2526,320TC9910080013,TC99,10080013,2,82,2024-03-14 09:35:34
2527,320TC9910080012,TC99,10080012,2,82,2024-03-14 09:35:34
2528,320TC9910080011,TC99,10080011,2,82,2024-03-14 09:35:34
2529,320TC9910080010,TC99,10080010,2,82,2024-03-14 09:35:34
2530,320TC9910090022,TC99,10090022,2,82,2024-03-14 09:35:34
2531,320XL1001000004,XL10,01000004,14,430,2024-03-14 09:35:34
2532,320XL1001000005,XL10,01000005,14,430,2024-03-14 09:35:34
2533,320XL1001000006,XL10,01000006,14,430,2024-03-14 09:35:34
2534,320XL1001000007,XL10,01000007,14,430,2024-03-14 09:35:34
2535,320XL1001000001,XL10,01000001,14,430,2024-03-14 09:35:34
2536,320XL1001000002,XL10,01000002,14,430,2024-03-14 09:35:34
2537,320XL1001000003,XL10,01000003,14,430,2024-03-14 09:35:34
2538,320XL1001000008,XL10,01000008,14,430,2024-03-14 09:35:34
2539,320XL1001000009,XL10,01000009,14,430,2024-03-14 09:35:34
2540,320TC9910120023,TC99,10120023,2,82,2024-03-14 09:35:34
2541,320TC9910120021,TC99,10120021,2,82,2024-03-14 09:35:34
2542,320TC9910120020,TC99,10120020,2,82,2024-03-14 09:35:34
2543,320TC9910120024,TC99,10120024,2,82,2024-03-14 09:35:34
2544,320TC9910010008,TC99,10010008,2,82,2024-03-14 09:35:34
2545,320TC9910240002,TC99,10240002,2,82,2024-03-14 09:35:34
2546,320TC9910240003,TC99,10240003,2,82,2024-03-14 09:35:34
2547,320TC9910240001,TC99,10240001,2,82,2024-03-14 09:35:35
2548,320TC9910240006,TC99,10240006,2,82,2024-03-14 09:35:35
2549,320TC9910240007,TC99,10240007,2,82,2024-03-14 09:35:35
2550,320TC9910240004,TC99,10240004,2,82,2024-03-14 09:35:35
2551,320TC9910240005,TC99,10240005,2,82,2024-03-14 09:35:35
2552,320MHF1WXNT0005,MHF1W,XNT0005,8,386,2024-03-14 09:35:35
2553,320MHF1WXNT0004,MHF1W,XNT0004,8,386,2024-03-14 09:35:35
2554,320TC9910240008,TC99,10240008,2,82,2024-03-14 09:35:35
2555,320MHF1WXNT0006,MHF1W,XNT0006,8,386,2024-03-14 09:35:35
2556,320MHF1WXNT0001,MHF1W,XNT0001,8,386,2024-03-14 09:35:35
2557,320MHF1WXNT0003,MHF1W,XNT0003,8,386,2024-03-14 09:35:35
2558,320MHF1WXNT0002,MHF1W,XNT0002,8,386,2024-03-14 09:35:35
2559,320EL0300000008,EL0300,000008,24,982,2024-03-14 09:35:35
2560,320MLF1CXSB0010,XXXXXX,SB0010,1,1,2024-03-14 09:35:35
2561,320EL0300000002,EL0300,000002,24,982,2024-03-14 09:35:35
2562,320EL0300000003,EL0300,000003,24,982,2024-03-14 09:35:35
2563,320EL0300000001,EL0300,000001,24,982,2024-03-14 09:35:35
2564,320EL0300000006,EL0300,000006,24,982,2024-03-14 09:35:35
2565,320EL0300000004,EL0300,000004,24,982,2024-03-14 09:35:35
2566,320EL0300000005,EL0300,000005,24,982,2024-03-14 09:35:35
2567,320TC9910020003,TC99,10020003,2,82,2024-03-14 09:35:35
2568,320EL0310000021,EL0310,000021,24,980,2024-03-14 09:35:35
2569,320EL0310000028,EL0310,000028,24,980,2024-03-14 09:35:35
2570,320CBTXA2000048,XXXXXX,000048,1,1,2024-03-14 09:35:35
2571,320CBTXA2000049,XXXXXX,000049,1,1,2024-03-14 09:35:35
2572,320CBTXA2000040,XXXXXX,000040,1,1,2024-03-14 09:35:35
2573,320CBTXA2000041,XXXXXX,000041,1,1,2024-03-14 09:35:35
2574,320CBTXA2000042,XXXXXX,000042,1,1,2024-03-14 09:35:35
2575,320CBTXA2000043,XXXXXX,000043,1,1,2024-03-14 09:35:35
2576,320CBTXA2000044,XXXXXX,000044,1,1,2024-03-14 09:35:35
2577,320CBTXA2000045,XXXXXX,000045,1,1,2024-03-14 09:35:35
2578,320CBTXA2000046,XXXXXX,000046,1,1,2024-03-14 09:35:35
2579,320CBTXA2000047,XXXXXX,000047,1,1,2024-03-14 09:35:35
2580,320CBTXB2000050,XXXXXX,000050,1,1,2024-03-14 09:35:35
2581,320TC9920010001,TC99,20010001,2,82,2024-03-14 09:35:35
2582,320TC9920010002,TC99,20010002,2,82,2024-03-14 09:35:35
2583,320TC9920010003,TC99,20010003,2,82,2024-03-14 09:35:35
2584,320TC9920010004,TC99,20010004,2,82,2024-03-14 09:35:35
2585,320TC9920010005,TC99,20010005,2,82,2024-03-14 09:35:35
2586,320TC9920010006,TC99,20010006,2,82,2024-03-14 09:35:35
2587,320TC9920010007,TC99,20010007,2,82,2024-03-14 09:35:35
2588,320TC9920010008,TC99,20010008,2,82,2024-03-14 09:35:35
2589,320MLF3WXIH0005,MLF3W,XIH0005,7,364,2024-03-14 09:35:35
2590,320MLF3WXCM0010,MLF3W,XCM0010,7,364,2024-03-14 09:35:35
2591,320MLR3CXSB0008,MLR3C,XSB0008,7,359,2024-03-14 09:35:35
2592,320MLR3CXSB0009,MLR3C,XSB0009,7,359,2024-03-14 09:35:35
2593,320MLR3CXSB0005,MLR3C,XSB0005,7,359,2024-03-14 09:35:35
2594,320TC9910110012,TC99,10110012,2,82,2024-03-14 09:35:35
2595,320TC9910080004,TC99,10080004,2,82,2024-03-14 09:35:35
2596,320TC9910080005,TC99,10080005,2,82,2024-03-14 09:35:35
2597,320TC9910080006,TC99,10080006,2,82,2024-03-14 09:35:35
2598,320TC9910080007,TC99,10080007,2,82,2024-03-14 09:35:36
2599,320TC9910080001,TC99,10080001,2,82,2024-03-14 09:35:36
2600,320TC9910080002,TC99,10080002,2,82,2024-03-14 09:35:36
2601,320TC9910080003,TC99,10080003,2,82,2024-03-14 09:35:36
2602,320TC9910080008,TC99,10080008,2,82,2024-03-14 09:35:36
2603,320TC9910080009,TC99,10080009,2,82,2024-03-14 09:35:36
2604,320TC9910290008,TC99,10290008,2,82,2024-03-14 09:35:36
2605,320TC9910290007,TC99,10290007,2,82,2024-03-14 09:35:36
2606,320TC9910290006,TC99,10290006,2,82,2024-03-14 09:35:36
2607,320TC9910290005,TC99,10290005,2,82,2024-03-14 09:35:36
2608,320TC9910290004,TC99,10290004,2,82,2024-03-14 09:35:36
2609,320TC9910290003,TC99,10290003,2,82,2024-03-14 09:35:36
2610,320TC9910290002,TC99,10290002,2,82,2024-03-14 09:35:36
2611,320TC9910290001,TC99,10290001,2,82,2024-03-14 09:35:36
2612,320BC9910100005,BC99,10100005,6,82,2024-03-14 09:35:36
2613,320BC9910100004,BC99,10100004,6,82,2024-03-14 09:35:36
2614,320BC9910100007,BC99,10100007,6,82,2024-03-14 09:35:36
2615,320BC9910100006,BC99,10100006,6,82,2024-03-14 09:35:36
2616,320BC9910100001,BC99,10100001,6,82,2024-03-14 09:35:36
2617,320BC9910100003,BC99,10100003,6,82,2024-03-14 09:35:36
2618,320BC9910100002,BC99,10100002,6,82,2024-03-14 09:35:36
2619,320BC9910100008,BC99,10100008,6,82,2024-03-14 09:35:36
2620,320TC9910440004,TC99,10440004,2,82,2024-03-14 09:35:36
2621,320TC9910440005,TC99,10440005,2,82,2024-03-14 09:35:36
2622,320TC9910270001,TC99,10270001,2,82,2024-03-14 09:35:36
2623,320TC9910270003,TC99,10270003,2,82,2024-03-14 09:35:36
2624,320TC9910270002,TC99,10270002,2,82,2024-03-14 09:35:36
2625,320TC9910270005,TC99,10270005,2,82,2024-03-14 09:35:36
2626,320TC9910270004,TC99,10270004,2,82,2024-03-14 09:35:36
2627,320TC9910270007,TC99,10270007,2,82,2024-03-14 09:35:36
2628,320TC9910270006,TC99,10270006,2,82,2024-03-14 09:35:36
2629,320TC9910270008,TC99,10270008,2,82,2024-03-14 09:35:36
2630,320TC9910170008,TC99,10170008,2,82,2024-03-14 09:35:36
2631,320TC9910440006,TC99,10440006,2,82,2024-03-14 09:35:36
2632,320TC9910170001,TC99,10170001,2,82,2024-03-14 09:35:36
2633,320TC9910170002,TC99,10170002,2,82,2024-03-14 09:35:36
2634,320TC9910170003,TC99,10170003,2,82,2024-03-14 09:35:36
2635,320TC9910170004,TC99,10170004,2,82,2024-03-14 09:35:36
2636,320TC9910170005,TC99,10170005,2,82,2024-03-14 09:35:36
2637,320TC9910170006,TC99,10170006,2,82,2024-03-14 09:35:36
2638,320TC9910170007,TC99,10170007,2,82,2024-03-14 09:35:36
2639,320MHF1CXNT0009,MHF1C,XNT0009,8,379,2024-03-14 09:35:36
2640,320MLF1CXSB0001,XXXXXX,SB0001,1,1,2024-03-14 09:35:36
2641,320MLF1CXSB0002,XXXXXX,SB0002,1,1,2024-03-14 09:35:36
2642,320MLF1CXSB0003,XXXXXX,SB0003,1,1,2024-03-14 09:35:36
2643,320MLF1CXSB0004,XXXXXX,SB0004,1,1,2024-03-14 09:35:36
2644,320MLF1CXSB0005,XXXXXX,SB0005,1,1,2024-03-14 09:35:36
2645,320MLF1CXSB0006,XXXXXX,SB0006,1,1,2024-03-14 09:35:36
2646,320MLF1CXSB0007,XXXXXX,SB0007,1,1,2024-03-14 09:35:36
2647,320MLF1CXSB0008,XXXXXX,SB0008,1,1,2024-03-14 09:35:36
2648,320MLF1CXSB0009,XXXXXX,SB0009,1,1,2024-03-14 09:35:36
2649,320MHF1CXNT0003,MHF1C,XNT0003,8,379,2024-03-14 09:35:36
2650,320MHF1CXNT0002,MHF1C,XNT0002,8,379,2024-03-14 09:35:36
2651,320MHF1CXNT0005,MHF1C,XNT0005,8,379,2024-03-14 09:35:37
2652,320MHF1CXNT0004,MHF1C,XNT0004,8,379,2024-03-14 09:35:37
2653,320MHF1CXNT0007,MHF1C,XNT0007,8,379,2024-03-14 09:35:37
2654,320MHF1CXNT0006,MHF1C,XNT0006,8,379,2024-03-14 09:35:37
2655,320TC9910010005,TC99,10010005,2,82,2024-03-14 09:35:37
2656,320TC9910010004,TC99,10010004,2,82,2024-03-14 09:35:37
2657,320TC9910010007,TC99,10010007,2,82,2024-03-14 09:35:37
2658,320TC9910010006,TC99,10010006,2,82,2024-03-14 09:35:37
2659,320TC9910010001,TC99,10010001,2,82,2024-03-14 09:35:37
2660,320TC9910010003,TC99,10010003,2,82,2024-03-14 09:35:37
2661,320TC9910010002,TC99,10010002,2,82,2024-03-14 09:35:37
2662,320CBTXB2000029,XXXXXX,000029,1,1,2024-03-14 09:35:37
2663,320CBTXB2000028,XXXXXX,000028,1,1,2024-03-14 09:35:37
2664,320CBTXB2000023,XXXXXX,000023,1,1,2024-03-14 09:35:37
2665,320CBTXB2000022,XXXXXX,000022,1,1,2024-03-14 09:35:37
2666,320CBTXB2000021,XXXXXX,000021,1,1,2024-03-14 09:35:37
2667,320CBTXB2000020,XXXXXX,000020,1,1,2024-03-14 09:35:37
2668,320CBTXB2000027,XXXXXX,000027,1,1,2024-03-14 09:35:37
2669,320CBTXB2000026,XXXXXX,000026,1,1,2024-03-14 09:35:37
2670,320CBTXB2000025,XXXXXX,000025,1,1,2024-03-14 09:35:37
2671,320CBTXB2000024,XXXXXX,000024,1,1,2024-03-14 09:35:37
2672,320TC9910440001,TC99,10440001,2,82,2024-03-14 09:35:37
2673,320TC9910440002,TC99,10440002,2,82,2024-03-14 09:35:37
2674,320TC9910320006,TC99,10320006,2,82,2024-03-14 09:35:37
2675,320TC9910440003,TC99,10440003,2,82,2024-03-14 09:35:37
2676,320MLF1PXSB0001,XXXXXX,SB0001,1,1,2024-03-14 09:35:37
2677,320MLF1PXSB0003,XXXXXX,SB0003,1,1,2024-03-14 09:35:37
2678,320MLF1PXSB0002,XXXXXX,SB0002,1,1,2024-03-14 09:35:37
2679,320MLF1PXSB0005,XXXXXX,SB0005,1,1,2024-03-14 09:35:37
2680,320MLF1PXSB0004,XXXXXX,SB0004,1,1,2024-03-14 09:35:37
2681,320MLF1PXSB0007,XXXXXX,SB0007,1,1,2024-03-14 09:35:37
2682,320MLF1PXSB0006,XXXXXX,SB0006,1,1,2024-03-14 09:35:37
2683,320MLF1PXSB0009,XXXXXX,SB0009,1,1,2024-03-14 09:35:37
2684,320MLF1PXSB0008,XXXXXX,SB0008,1,1,2024-03-14 09:35:37
2685,320MHF1CXSB0009,MHF1C,XSB0009,8,379,2024-03-14 09:35:37
2686,320MLF2CXTT0004,MLF2C,XTT0004,7,377,2024-03-14 09:35:37
2687,320MLF2CXTT0005,MLF2C,XTT0005,7,377,2024-03-14 09:35:37
2688,320MHF1CXSB0006,MHF1C,XSB0006,8,379,2024-03-14 09:35:37
2689,320MHF1CXSB0007,MHF1C,XSB0007,8,379,2024-03-14 09:35:37
2690,320MLF3CXCM0009,MLF3C,XCM0009,7,360,2024-03-14 09:35:37
2691,320MLF3CXCM0008,MLF3C,XCM0008,7,360,2024-03-14 09:35:37
2692,320MLR3CXNT0009,MLR3C,XNT0009,7,359,2024-03-14 09:35:37
2693,320MLR3CXNT0008,MLR3C,XNT0008,7,359,2024-03-14 09:35:37
2694,320MLR3CXNT0007,MLR3C,XNT0007,7,359,2024-03-14 09:35:37
2695,320MLR3CXNT0006,MLR3C,XNT0006,7,359,2024-03-14 09:35:37
2696,320MLR3CXNT0005,MLR3C,XNT0005,7,359,2024-03-14 09:35:37
2697,320MLR3CXNT0004,MLR3C,XNT0004,7,359,2024-03-14 09:35:37
2698,320MLR3CXNT0003,MLR3C,XNT0003,7,359,2024-03-14 09:35:37
2699,320MLR3CXNT0002,MLR3C,XNT0002,7,359,2024-03-14 09:35:37
2700,320MLR3CXNT0001,MLR3C,XNT0001,7,359,2024-03-14 09:35:37
2701,320MLF2CXTT0001,MLF2C,XTT0001,7,377,2024-03-14 09:35:37
2702,320MLF2CXTT0002,MLF2C,XTT0002,7,377,2024-03-14 09:35:37
2703,320MLF3CXCM0005,MLF3C,XCM0005,7,360,2024-03-14 09:35:37
2704,320MLF3CXCM0004,MLF3C,XCM0004,7,360,2024-03-14 09:35:38
2705,320MLF3CXCM0007,MLF3C,XCM0007,7,360,2024-03-14 09:35:38
2706,320WE30A1000005,WE30A1,000005,17,106,2024-03-14 09:35:38
2707,320WE30A1000004,WE30A1,000004,17,106,2024-03-14 09:35:38
2708,320WE30A1000007,WE30A1,000007,17,106,2024-03-14 09:35:38
2709,320WE30A1000006,WE30A1,000006,17,106,2024-03-14 09:35:38
2710,320ZP1000000009,XXXXXX,000009,1,1,2024-03-14 09:35:38
2711,320ZP1000000008,XXXXXX,000008,1,1,2024-03-14 09:35:38
2712,320ZP1000000007,XXXXXX,000007,1,1,2024-03-14 09:35:38
2713,320MLF3CXCM0001,MLF3C,XCM0001,7,360,2024-03-14 09:35:38
2714,320ZP1000000005,XXXXXX,000005,1,1,2024-03-14 09:35:38
2715,320ZP1000000004,XXXXXX,000004,1,1,2024-03-14 09:35:38
2716,320WE30A1000009,WE30A1,000009,17,106,2024-03-14 09:35:38
2717,320WE30A1000008,WE30A1,000008,17,106,2024-03-14 09:35:38
2718,320ZP1000000001,XXXXXX,000001,1,1,2024-03-14 09:35:38
2719,320MLF3CXCM0003,MLF3C,XCM0003,7,360,2024-03-14 09:35:38
2720,320MLF3CXCM0002,MLF3C,XCM0002,7,360,2024-03-14 09:35:38
2721,320TC9910300008,TC99,10300008,2,82,2024-03-14 09:35:38
2722,320TC9910300001,TC99,10300001,2,82,2024-03-14 09:35:38
2723,320TC9910300003,TC99,10300003,2,82,2024-03-14 09:35:38
2724,320TC9910300002,TC99,10300002,2,82,2024-03-14 09:35:38
2725,320TC9910300005,TC99,10300005,2,82,2024-03-14 09:35:38
2726,320TC9910300004,TC99,10300004,2,82,2024-03-14 09:35:38
2727,320TC9910300007,TC99,10300007,2,82,2024-03-14 09:35:38
2728,320TC9910300006,TC99,10300006,2,82,2024-03-14 09:35:38
2729,320TC9910180007,TC99,10180007,2,82,2024-03-14 09:35:38
2730,320TC9910180006,TC99,10180006,2,82,2024-03-14 09:35:38
2731,320TC9910180005,TC99,10180005,2,82,2024-03-14 09:35:38
2732,320TC9910180004,TC99,10180004,2,82,2024-03-14 09:35:38
2733,320TC9910180003,TC99,10180003,2,82,2024-03-14 09:35:38
2734,320TC9910180002,TC99,10180002,2,82,2024-03-14 09:35:38
2735,320TC9910180001,TC99,10180001,2,82,2024-03-14 09:35:38
2736,320TC9910180008,TC99,10180008,2,82,2024-03-14 09:35:38
2737,320BC9000140003,BC90,00140003,6,89,2024-03-14 09:35:38
2738,320BC9000140002,BC90,00140002,6,89,2024-03-14 09:35:38
2739,320BC9000140001,BC90,00140001,6,89,2024-03-14 09:35:38
2740,320BC9000140007,BC90,00140007,6,89,2024-03-14 09:35:38
2741,320BC9000140006,BC90,00140006,6,89,2024-03-14 09:35:38
2742,320BC9000140005,BC90,00140005,6,89,2024-03-14 09:35:38
2743,320BC9000140004,BC90,00140004,6,89,2024-03-14 09:35:38
2744,320TC9910260001,TC99,10260001,2,82,2024-03-14 09:35:38
2745,320TC9910260002,TC99,10260002,2,82,2024-03-14 09:35:38
2746,320TC9910260003,TC99,10260003,2,82,2024-03-14 09:35:38
2747,320TC9910260004,TC99,10260004,2,82,2024-03-14 09:35:38
2748,320TC9910260005,TC99,10260005,2,82,2024-03-14 09:35:38
2749,320TC9910260006,TC99,10260006,2,82,2024-03-14 09:35:38
2750,320TC9910260007,TC99,10260007,2,82,2024-03-14 09:35:38
2751,320TC9910260008,TC99,10260008,2,82,2024-03-14 09:35:38
2752,320MHF1CXNT0010,MHF1C,XNT0010,8,379,2024-03-14 09:35:38
2753,320EL0310000009,EL0310,000009,24,980,2024-03-14 09:35:38
2754,320EL0310000008,EL0310,000008,24,980,2024-03-14 09:35:38
2755,320EL0310000005,EL0310,000005,24,980,2024-03-14 09:35:39
2756,320EL0310000004,EL0310,000004,24,980,2024-03-14 09:35:39
2757,320EL0310000007,EL0310,000007,24,980,2024-03-14 09:35:39
2758,320EL0310000006,EL0310,000006,24,980,2024-03-14 09:35:39
2759,320EL0310000001,EL0310,000001,24,980,2024-03-14 09:35:39
2760,320EL0310000003,EL0310,000003,24,980,2024-03-14 09:35:39
2761,320EL0310000002,EL0310,000002,24,980,2024-03-14 09:35:39
2762,320BC9000060002,BC90,00060002,6,89,2024-03-14 09:35:39
2763,320BC9000060003,BC90,00060003,6,89,2024-03-14 09:35:39
2764,320BC9000060001,BC90,00060001,6,89,2024-03-14 09:35:39
2765,320BC9000060006,BC90,00060006,6,89,2024-03-14 09:35:39
2766,320BC9000060007,BC90,00060007,6,89,2024-03-14 09:35:39
2767,320BC9000060004,BC90,00060004,6,89,2024-03-14 09:35:39
2768,320BC9000060005,BC90,00060005,6,89,2024-03-14 09:35:39
2769,320CBTXB2000030,XXXXXX,000030,1,1,2024-03-14 09:35:39
2770,320CBTXB2000031,XXXXXX,000031,1,1,2024-03-14 09:35:39
2771,320CBTXB2000032,XXXXXX,000032,1,1,2024-03-14 09:35:39
2772,320CBTXB2000033,XXXXXX,000033,1,1,2024-03-14 09:35:39
2773,320CBTXB2000034,XXXXXX,000034,1,1,2024-03-14 09:35:39
2774,320CBTXB2000035,XXXXXX,000035,1,1,2024-03-14 09:35:39
2775,320CBTXB2000036,XXXXXX,000036,1,1,2024-03-14 09:35:39
2776,320CBTXB2000037,XXXXXX,000037,1,1,2024-03-14 09:35:39
2777,320TC9910350008,TC99,10350008,2,82,2024-03-14 09:35:39
2778,320MLF1PXSB0010,XXXXXX,SB0010,1,1,2024-03-14 09:35:39
2779,320TC9910450005,TC99,10450005,2,82,2024-03-14 09:35:39
2780,320TC9910450004,TC99,10450004,2,82,2024-03-14 09:35:39
2781,320TC9910450007,TC99,10450007,2,82,2024-03-14 09:35:39
2782,320TC9910450006,TC99,10450006,2,82,2024-03-14 09:35:39
2783,320TC9910450001,TC99,10450001,2,82,2024-03-14 09:35:39
2784,320TC9910450003,TC99,10450003,2,82,2024-03-14 09:35:39
2785,320TC9910450002,TC99,10450002,2,82,2024-03-14 09:35:39
2786,320TC9910450008,TC99,10450008,2,82,2024-03-14 09:35:39
2787,320TC9910340004,TC99,10340004,2,82,2024-03-14 09:35:39
2788,320MLF3CXCM0010,MLF3C,XCM0010,7,360,2024-03-14 09:35:39
2789,320MLF2W000010,MLF2W,000010,7,362,2024-03-14 09:35:39
2790,320BC9000040003,BC90,00040003,6,89,2024-03-14 09:35:39
2791,320BC9000040004,BC90,00040004,6,89,2024-03-14 09:35:39
2792,320BC9000040006,BC90,00040006,6,89,2024-03-14 09:35:39
2793,320ZP1000000014,XXXXXX,000014,1,1,2024-03-14 09:35:39
2794,320ZP1000000010,XXXXXX,000010,1,1,2024-03-14 09:35:39
2795,320ZP1000000011,XXXXXX,000011,1,1,2024-03-14 09:35:39
2796,320ZP1000000012,XXXXXX,000012,1,1,2024-03-14 09:35:39
2797,320ZP1000000013,XXXXXX,000013,1,1,2024-03-14 09:35:39
2798,320MLF3W2SB0010,MLF3W,2SB0010,7,364,2024-03-14 09:35:39
2799,320MLF2WX0010,MLF2W,X0010,7,362,2024-03-14 09:35:39
2800,320MHF1CXSB0010,MHF1C,XSB0010,8,379,2024-03-14 09:35:39
2801,320CM1F12000003,CM1F12,000003,29,996,2024-03-14 09:35:39
2802,320CM1F12000004,CM1F12,000004,29,996,2024-03-14 09:35:39
2803,320ZP1000000006,XXXXXX,000006,1,1,2024-03-14 09:35:40
2804,320TC9910390006,TC99,10390006,2,82,2024-03-14 09:35:40
2805,320ZP1000000003,XXXXXX,000003,1,1,2024-03-14 09:35:40
2806,320TC9910390007,TC99,10390007,2,82,2024-03-14 09:35:40
2807,320ZP1000000002,XXXXXX,000002,1,1,2024-03-14 09:35:40
2808,320TC9910390008,TC99,10390008,2,82,2024-03-14 09:35:40
2809,320MLF2CXCM0008,MLF2C,XCM0008,7,377,2024-03-14 09:35:40
2810,320MLF2CXCM0009,MLF2C,XCM0009,7,377,2024-03-14 09:35:40
2811,320TC9910210007,TC99,10210007,2,82,2024-03-14 09:35:40
2812,320TC9910210006,TC99,10210006,2,82,2024-03-14 09:35:40
2813,320TC9910210005,TC99,10210005,2,82,2024-03-14 09:35:40
2814,320TC9910210004,TC99,10210004,2,82,2024-03-14 09:35:40
2815,320TC9910210003,TC99,10210003,2,82,2024-03-14 09:35:40
2816,320TC9910210002,TC99,10210002,2,82,2024-03-14 09:35:40
2817,320TC9910210001,TC99,10210001,2,82,2024-03-14 09:35:40
2818,320TC9910210008,TC99,10210008,2,82,2024-03-14 09:35:40
2819,320MLF2CXCM0004,MLF2C,XCM0004,7,377,2024-03-14 09:35:40
2820,320EL0310000018,EL0310,000018,24,980,2024-03-14 09:35:40
2821,320EL0310000019,EL0310,000019,24,980,2024-03-14 09:35:40
2822,320EL0310000012,EL0310,000012,24,980,2024-03-14 09:35:40
2823,320EL0310000016,EL0310,000016,24,980,2024-03-14 09:35:40
2824,320EL0310000017,EL0310,000017,24,980,2024-03-14 09:35:40
2825,320EL0310000014,EL0310,000014,24,980,2024-03-14 09:35:40
2826,320EL0310000015,EL0310,000015,24,980,2024-03-14 09:35:40
2827,320MLF2CXCM0007,MLF2C,XCM0007,7,377,2024-03-14 09:35:40
2828,320MLF2CXCM0001,MLF2C,XCM0001,7,377,2024-03-14 09:35:40
2829,320MLF2CXCM0002,MLF2C,XCM0002,7,377,2024-03-14 09:35:40
2830,320MLF2CXCM0003,MLF2C,XCM0003,7,377,2024-03-14 09:35:40
2831,320CBTXC2000037,XXXXXX,000037,1,1,2024-03-14 09:35:40
2832,320CBTXC2000036,XXXXXX,000036,1,1,2024-03-14 09:35:40
2833,320CBTXC2000035,XXXXXX,000035,1,1,2024-03-14 09:35:40
2834,320CBTXB2000006,XXXXXX,000006,1,1,2024-03-14 09:35:40
2835,320CBTXC2000033,XXXXXX,000033,1,1,2024-03-14 09:35:40
2836,320CBTXC2000032,XXXXXX,000032,1,1,2024-03-14 09:35:40
2837,320CBTXC2000031,XXXXXX,000031,1,1,2024-03-14 09:35:40
2838,320CBTXB2000002,XXXXXX,000002,1,1,2024-03-14 09:35:40
2839,320TC9910320003,TC99,10320003,2,82,2024-03-14 09:35:40
2840,320TC9910320002,TC99,10320002,2,82,2024-03-14 09:35:40
2841,320TC9910320001,TC99,10320001,2,82,2024-03-14 09:35:40
2842,320CBTXB2000009,XXXXXX,000009,1,1,2024-03-14 09:35:40
2843,320CBTXB2000008,XXXXXX,000008,1,1,2024-03-14 09:35:40
2844,320CBTXC2000039,XXXXXX,000039,1,1,2024-03-14 09:35:40
2845,320CBTXC2000038,XXXXXX,000038,1,1,2024-03-14 09:35:40
2846,320WE10A1000011,WE10A1,000011,17,102,2024-03-14 09:35:40
2847,320MLF3W000004,MLF3W,000004,7,364,2024-03-14 09:35:40
2848,320MLF3W000005,MLF3W,000005,7,364,2024-03-14 09:35:40
2849,320MLF3W000006,MLF3W,000006,7,364,2024-03-14 09:35:40
2850,320MLF3W000007,MLF3W,000007,7,364,2024-03-14 09:35:40
2851,320MLF3W000001,MLF3W,000001,7,364,2024-03-14 09:35:40
2852,320MLF3W000002,MLF3W,000002,7,364,2024-03-14 09:35:40
2853,320MLF3W000003,MLF3W,000003,7,364,2024-03-14 09:35:41
2854,320MLF3W000008,MLF3W,000008,7,364,2024-03-14 09:35:41
2855,320MLF3W000009,MLF3W,000009,7,364,2024-03-14 09:35:41
2856,320MLF2W000009,MLF2W,000009,7,362,2024-03-14 09:35:41
2857,320MLF2W000008,MLF2W,000008,7,362,2024-03-14 09:35:41
2858,320MLF2W000003,MLF2W,000003,7,362,2024-03-14 09:35:41
2859,320MLF2W000002,MLF2W,000002,7,362,2024-03-14 09:35:41
2860,320MLF2W000001,MLF2W,000001,7,362,2024-03-14 09:35:41
2861,320MLF2W000007,MLF2W,000007,7,362,2024-03-14 09:35:41
2862,320MLF2W000006,MLF2W,000006,7,362,2024-03-14 09:35:41
2863,320MLF2W000005,MLF2W,000005,7,362,2024-03-14 09:35:41
2864,320MLF2W000004,MLF2W,000004,7,362,2024-03-14 09:35:41
2865,320TC9910120019,TC99,10120019,2,82,2024-03-14 09:35:41
2866,320TC9910110011,TC99,10110011,2,82,2024-03-14 09:35:41
2867,320TC9910110010,TC99,10110010,2,82,2024-03-14 09:35:41
2868,320TC9910110013,TC99,10110013,2,82,2024-03-14 09:35:41
2869,320TC9910110015,TC99,10110015,2,82,2024-03-14 09:35:41
2870,320TC9910110014,TC99,10110014,2,82,2024-03-14 09:35:41
2871,320TC9910110016,TC99,10110016,2,82,2024-03-14 09:35:41
2872,320TC9910060006,TC99,10060006,2,82,2024-03-14 09:35:41
2873,320TC9910090021,TC99,10090021,2,82,2024-03-14 09:35:41
2874,320TC9910090020,TC99,10090020,2,82,2024-03-14 09:35:41
2875,320TC9910060007,TC99,10060007,2,82,2024-03-14 09:35:41
2876,320BC9000050001,BC90,00050001,6,89,2024-03-14 09:35:41
2877,320TC9910120022,TC99,10120022,2,82,2024-03-14 09:35:41
2878,320BC9000050003,BC90,00050003,6,89,2024-03-14 09:35:41
2879,320BC9000050002,BC90,00050002,6,89,2024-03-14 09:35:41
2880,320BC9000050005,BC90,00050005,6,89,2024-03-14 09:35:41
2881,320BC9000050004,BC90,00050004,6,89,2024-03-14 09:35:41
2882,320BC9000050007,BC90,00050007,6,89,2024-03-14 09:35:41
2883,320BC9000050006,BC90,00050006,6,89,2024-03-14 09:35:41
2884,320BC9000120005,BC90,00120005,6,89,2024-03-14 09:35:41
2885,320BC9000120004,BC90,00120004,6,89,2024-03-14 09:35:41
2886,320BC9000120007,BC90,00120007,6,89,2024-03-14 09:35:41
2887,320BC9000120006,BC90,00120006,6,89,2024-03-14 09:35:41
2888,320BC9000120001,BC90,00120001,6,89,2024-03-14 09:35:41
2889,320BC9000120003,BC90,00120003,6,89,2024-03-14 09:35:41
2890,320BC9000120002,BC90,00120002,6,89,2024-03-14 09:35:41
2891,320MLF2CXTT0008,MLF2C,XTT0008,7,377,2024-03-14 09:35:41
2892,320MLF3W2SB0008,MLF3W,2SB0008,7,364,2024-03-14 09:35:41
2893,320MLF3W2SB0009,MLF3W,2SB0009,7,364,2024-03-14 09:35:41
2894,320MLF3W2SB0001,MLF3W,2SB0001,7,364,2024-03-14 09:35:41
2895,320MLF3W2SB0002,MLF3W,2SB0002,7,364,2024-03-14 09:35:41
2896,320MLF3W2SB0003,MLF3W,2SB0003,7,364,2024-03-14 09:35:41
2897,320MLF3W2SB0004,MLF3W,2SB0004,7,364,2024-03-14 09:35:41
2898,320MLF3W2SB0005,MLF3W,2SB0005,7,364,2024-03-14 09:35:41
2899,320MLF3W2SB0006,MLF3W,2SB0006,7,364,2024-03-14 09:35:41
2900,320MLF3W2SB0007,MLF3W,2SB0007,7,364,2024-03-14 09:35:41
2901,320MLF2CXTT0009,MLF2C,XTT0009,7,377,2024-03-14 09:35:41
2902,320MLF2WX0002,MLF2W,X0002,7,362,2024-03-14 09:35:41
2903,320MLF2WX0003,MLF2W,X0003,7,362,2024-03-14 09:35:41
2904,320MLF2WX0001,MLF2W,X0001,7,362,2024-03-14 09:35:41
2905,320MLF2WX0006,MLF2W,X0006,7,362,2024-03-14 09:35:41
2906,320MLF2WX0007,MLF2W,X0007,7,362,2024-03-14 09:35:41
2907,320MLF2WX0004,MLF2W,X0004,7,362,2024-03-14 09:35:41
2908,320MLF2WX0005,MLF2W,X0005,7,362,2024-03-14 09:35:41
2909,320MHF1CXSB0004,MHF1C,XSB0004,8,379,2024-03-14 09:35:41
2910,320MHF1CXSB0005,MHF1C,XSB0005,8,379,2024-03-14 09:35:41
2911,320MLF2WX0008,MLF2W,X0008,7,362,2024-03-14 09:35:41
2912,320MLF2WX0009,MLF2W,X0009,7,362,2024-03-14 09:35:42
2913,320MHF1CXSB0001,MHF1C,XSB0001,8,379,2024-03-14 09:35:42
2914,320MHF1CXSB0002,MHF1C,XSB0002,8,379,2024-03-14 09:35:42
2915,320MHF1CXSB0003,MHF1C,XSB0003,8,379,2024-03-14 09:35:42
2916,320MLF2CXTT0006,MLF2C,XTT0006,7,377,2024-03-14 09:35:42
2917,320CBTXB2000012,XXXXXX,000012,1,1,2024-03-14 09:35:42
2918,320CBTXB2000013,XXXXXX,000013,1,1,2024-03-14 09:35:42
2919,320CBTXB2000010,XXXXXX,000010,1,1,2024-03-14 09:35:42
2920,320CBTXC2000027,XXXXXX,000027,1,1,2024-03-14 09:35:42
2921,320MLF2CXTT0007,MLF2C,XTT0007,7,377,2024-03-14 09:35:42
2922,320CBTXB2000016,XXXXXX,000016,1,1,2024-03-14 09:35:42
2923,320CBTXB2000017,XXXXXX,000017,1,1,2024-03-14 09:35:42
2924,320CBTXC2000022,XXXXXX,000022,1,1,2024-03-14 09:35:42
2925,320CBTXB2000015,XXXXXX,000015,1,1,2024-03-14 09:35:42
2926,320TC9910410006,TC99,10410006,2,82,2024-03-14 09:35:42
2927,320CBTXC2000024,XXXXXX,000024,1,1,2024-03-14 09:35:42
2928,320CBTXC2000025,XXXXXX,000025,1,1,2024-03-14 09:35:42
2929,320CBTXC2000026,XXXXXX,000026,1,1,2024-03-14 09:35:42
2930,320CBTXB2000011,XXXXXX,000011,1,1,2024-03-14 09:35:42
2931,320CBTXC2000020,XXXXXX,000020,1,1,2024-03-14 09:35:42
2932,320CBTXC2000021,XXXXXX,000021,1,1,2024-03-14 09:35:42
2933,320CBTXB2000014,XXXXXX,000014,1,1,2024-03-14 09:35:42
2934,320CBTXC2000023,XXXXXX,000023,1,1,2024-03-14 09:35:42
2935,320CBTXB2000018,XXXXXX,000018,1,1,2024-03-14 09:35:42
2936,320CBTXB2000019,XXXXXX,000019,1,1,2024-03-14 09:35:42
2937,320CBTXC2000028,XXXXXX,000028,1,1,2024-03-14 09:35:42
2938,320CBTXC2000029,XXXXXX,000029,1,1,2024-03-14 09:35:42
2939,320CBTXD2000050,XXXXXX,000050,1,1,2024-03-14 09:35:42
2940,320MLF3W000010,MLF3W,000010,7,364,2024-03-14 09:35:42
2941,320TC9910110008,TC99,10110008,2,82,2024-03-14 09:35:42
2942,320TC9910110009,TC99,10110009,2,82,2024-03-14 09:35:42
2943,320TC9910110006,TC99,10110006,2,82,2024-03-14 09:35:42
2944,320TC9910110007,TC99,10110007,2,82,2024-03-14 09:35:42
2945,320TC9910110004,TC99,10110004,2,82,2024-03-14 09:35:42
2946,320TC9910110005,TC99,10110005,2,82,2024-03-14 09:35:42
2947,320TC9910110002,TC99,10110002,2,82,2024-03-14 09:35:42
2948,320TC9910110003,TC99,10110003,2,82,2024-03-14 09:35:42
2949,320TC9910110001,TC99,10110001,2,82,2024-03-14 09:35:42
2950,320TC9910330008,TC99,10330008,2,82,2024-03-14 09:35:42
2951,320TC9910330002,TC99,10330002,2,82,2024-03-14 09:35:42
2952,320TC9910330003,TC99,10330003,2,82,2024-03-14 09:35:42
2953,320TC9910330001,TC99,10330001,2,82,2024-03-14 09:35:42
2954,320TC9910330006,TC99,10330006,2,82,2024-03-14 09:35:42
2955,320TC9910330007,TC99,10330007,2,82,2024-03-14 09:35:42
2956,320TC9910330004,TC99,10330004,2,82,2024-03-14 09:35:42
2957,320TC9910330005,TC99,10330005,2,82,2024-03-14 09:35:42
2958,320WW30A1000007,WW30A1,000007,4,106,2024-03-14 09:35:42
2959,320WW30A1000006,WW30A1,000006,4,106,2024-03-14 09:35:42
2960,320WW30A1000005,WW30A1,000005,4,106,2024-03-14 09:35:43
2961,320WW30A1000004,WW30A1,000004,4,106,2024-03-14 09:35:43
2962,320WW30A1000002,WW30A1,000002,4,106,2024-03-14 09:35:43
2963,320WW30A1000001,WW30A1,000001,4,106,2024-03-14 09:35:43
2964,320WW30A1000009,WW30A1,000009,4,106,2024-03-14 09:35:43
2965,320WW30A1000008,WW30A1,000008,4,106,2024-03-14 09:35:43
2966,320TC9910190006,TC99,10190006,2,82,2024-03-14 09:35:43
2967,320TC9910190007,TC99,10190007,2,82,2024-03-14 09:35:43
2968,320TC9910190004,TC99,10190004,2,82,2024-03-14 09:35:43
2969,320TC9910190005,TC99,10190005,2,82,2024-03-14 09:35:43
2970,320TC9910190002,TC99,10190002,2,82,2024-03-14 09:35:43
2971,320TC9910190003,TC99,10190003,2,82,2024-03-14 09:35:43
2972,320TC9910190001,TC99,10190001,2,82,2024-03-14 09:35:43
2973,320TC9910190008,TC99,10190008,2,82,2024-03-14 09:35:43
2974,320EH03F0000013,EH03F0,000013,22,488,2024-03-14 09:35:43
2975,320EH03F0000012,EH03F0,000012,22,488,2024-03-14 09:35:43
2976,320EH03F0000011,EH03F0,000011,22,488,2024-03-14 09:35:43
2977,320EH03F0000010,EH03F0,000010,22,488,2024-03-14 09:35:43
2978,320EH03F0000014,EH03F0,000014,22,488,2024-03-14 09:35:43
2979,320MLF3WXIH0010,MLF3W,XIH0010,7,364,2024-03-14 09:35:43
2980,320WW10A1000009,WW10A1,000009,4,102,2024-03-14 09:35:43
2981,320WW10A1000008,WW10A1,000008,4,102,2024-03-14 09:35:43
2982,320WW10A1000005,WW10A1,000005,4,102,2024-03-14 09:35:43
2983,320WW10A1000004,WW10A1,000004,4,102,2024-03-14 09:35:43
2984,320WW10A1000007,WW10A1,000007,4,102,2024-03-14 09:35:43
2985,320WW10A1000006,WW10A1,000006,4,102,2024-03-14 09:35:43
2986,320WW10A1000001,WW10A1,000001,4,102,2024-03-14 09:35:43
2987,320WW10A1000003,WW10A1,000003,4,102,2024-03-14 09:35:43
2988,320WW10A1000002,WW10A1,000002,4,102,2024-03-14 09:35:43
2989,320TC9910360008,TC99,10360008,2,82,2024-03-14 09:35:43
2990,320TC9910360007,TC99,10360007,2,82,2024-03-14 09:35:43
2991,320TC9910360006,TC99,10360006,2,82,2024-03-14 09:35:43
2992,320TC9910360005,TC99,10360005,2,82,2024-03-14 09:35:43
2993,320TC9910360004,TC99,10360004,2,82,2024-03-14 09:35:43
2994,320TC9910360003,TC99,10360003,2,82,2024-03-14 09:35:43
2995,320TC9910360002,TC99,10360002,2,82,2024-03-14 09:35:43
2996,320TC9910360001,TC99,10360001,2,82,2024-03-14 09:35:43
2997,320BC9000090005,BC90,00090005,6,89,2024-03-14 09:35:43
2998,320BC9000090004,BC90,00090004,6,89,2024-03-14 09:35:43
2999,320BC9000090007,BC90,00090007,6,89,2024-03-14 09:35:43
3000,320BC9000090006,BC90,00090006,6,89,2024-03-14 09:35:43
3001,320BC9000090001,BC90,00090001,6,89,2024-03-14 09:35:43
3002,320BC9000090003,BC90,00090003,6,89,2024-03-14 09:35:43
3003,320BC9000090002,BC90,00090002,6,89,2024-03-14 09:35:43
3004,320CBTXC2000011,XXXXXX,000011,1,1,2024-03-14 09:35:43
3005,320CBTXC2000010,XXXXXX,000010,1,1,2024-03-14 09:35:43
3006,320CBTXC2000013,XXXXXX,000013,1,1,2024-03-14 09:35:43
3007,320CBTXC2000012,XXXXXX,000012,1,1,2024-03-14 09:35:43
3008,320CBTXC2000015,XXXXXX,000015,1,1,2024-03-14 09:35:44
3009,320CBTXC2000014,XXXXXX,000014,1,1,2024-03-14 09:35:44
3010,320CBTXC2000017,XXXXXX,000017,1,1,2024-03-14 09:35:44
3011,320CBTXC2000016,XXXXXX,000016,1,1,2024-03-14 09:35:44
3012,320CBTXC2000019,XXXXXX,000019,1,1,2024-03-14 09:35:44
3013,320CBTXC2000018,XXXXXX,000018,1,1,2024-03-14 09:35:44
3014,320TC9910380001,TC99,10380001,2,82,2024-03-14 09:35:44
3015,320TC9910380003,TC99,10380003,2,82,2024-03-14 09:35:44
3016,320TC9910380002,TC99,10380002,2,82,2024-03-14 09:35:44
3017,320TC9910380005,TC99,10380005,2,82,2024-03-14 09:35:44
3018,320TC9910380004,TC99,10380004,2,82,2024-03-14 09:35:44
3019,320TC9910380007,TC99,10380007,2,82,2024-03-14 09:35:44
3020,320TC9910380006,TC99,10380006,2,82,2024-03-14 09:35:44
3021,320TC9910380008,TC99,10380008,2,82,2024-03-14 09:35:44
3022,320TC0100010008,TC010,0010008,2,27,2024-03-14 09:35:44
3023,320TC0100010001,TC010,0010001,2,27,2024-03-14 09:35:44
3024,320TC0100010003,TC010,0010003,2,27,2024-03-14 09:35:44
3025,320TC0100010002,TC010,0010002,2,27,2024-03-14 09:35:44
3026,320TC0100010005,TC010,0010005,2,27,2024-03-14 09:35:44
3027,320TC0100010004,TC010,0010004,2,27,2024-03-14 09:35:44
3028,320TC0100010007,TC010,0010007,2,27,2024-03-14 09:35:44
3029,320TC0100010006,TC010,0010006,2,27,2024-03-14 09:35:44
3030,320WE10A1000009,WE10A1,000009,17,102,2024-03-14 09:35:44
3031,320WE10A1000008,WE10A1,000008,17,102,2024-03-14 09:35:44
3032,320WE10A1000007,WE10A1,000007,17,102,2024-03-14 09:35:44
3033,320WE10A1000006,WE10A1,000006,17,102,2024-03-14 09:35:44
3034,320WE10A1000005,WE10A1,000005,17,102,2024-03-14 09:35:44
3035,320WE10A1000004,WE10A1,000004,17,102,2024-03-14 09:35:44
3036,320WE10A1000003,WE10A1,000003,17,102,2024-03-14 09:35:44
3037,320WE10A1000002,WE10A1,000002,17,102,2024-03-14 09:35:44
3038,320WE10A1000001,WE10A1,000001,17,102,2024-03-14 09:35:44
3039,320TC9910090005,TC99,10090005,2,82,2024-03-14 09:35:44
3040,320TC9910090004,TC99,10090004,2,82,2024-03-14 09:35:44
3041,320TC9910090007,TC99,10090007,2,82,2024-03-14 09:35:44
3042,320TC9910090006,TC99,10090006,2,82,2024-03-14 09:35:44
3043,320TC9910090001,TC99,10090001,2,82,2024-03-14 09:35:44
3044,320TC9910120008,TC99,10120008,2,82,2024-03-14 09:35:44
3045,320TC9910090003,TC99,10090003,2,82,2024-03-14 09:35:44
3046,320TC9910090002,TC99,10090002,2,82,2024-03-14 09:35:44
3047,320TC9910120005,TC99,10120005,2,82,2024-03-14 09:35:44
3048,320TC9910120004,TC99,10120004,2,82,2024-03-14 09:35:44
3049,320TC9910120007,TC99,10120007,2,82,2024-03-14 09:35:44
3050,320TC9910120001,TC99,10120001,2,82,2024-03-14 09:35:44
3051,320TC9910090008,TC99,10090008,2,82,2024-03-14 09:35:44
3052,320TC9910120003,TC99,10120003,2,82,2024-03-14 09:35:44
3053,320TC9910120002,TC99,10120002,2,82,2024-03-14 09:35:44
3054,320TC9910420002,TC99,10420002,2,82,2024-03-14 09:35:44
3055,320TC9910420003,TC99,10420003,2,82,2024-03-14 09:35:44
3056,320TC9910420001,TC99,10420001,2,82,2024-03-14 09:35:44
3057,320TC9910420006,TC99,10420006,2,82,2024-03-14 09:35:44
3058,320TC9910420007,TC99,10420007,2,82,2024-03-14 09:35:44
3059,320TC9910420004,TC99,10420004,2,82,2024-03-14 09:35:44
3060,320TC9910420005,TC99,10420005,2,82,2024-03-14 09:35:44
3061,320TC9910420008,TC99,10420008,2,82,2024-03-14 09:35:45
3062,320MLF2CXCM0005,MLF2C,XCM0005,7,377,2024-03-14 09:35:45
3063,320MLF2CXCM0006,MLF2C,XCM0006,7,377,2024-03-14 09:35:45
3064,320TC9910280008,TC99,10280008,2,82,2024-03-14 09:35:45
3065,320TC9910280006,TC99,10280006,2,82,2024-03-14 09:35:45
3066,320TC9910280007,TC99,10280007,2,82,2024-03-14 09:35:45
3067,320TC9910280004,TC99,10280004,2,82,2024-03-14 09:35:45
3068,320TC9910280005,TC99,10280005,2,82,2024-03-14 09:35:45
3069,320TC9910280002,TC99,10280002,2,82,2024-03-14 09:35:45
3070,320TC9910280003,TC99,10280003,2,82,2024-03-14 09:35:45
3071,320TC9910280001,TC99,10280001,2,82,2024-03-14 09:35:45
3072,320MLF3WXSB0010,MLF3W,XSB0010,7,364,2024-03-14 09:35:45
3073,320MLF3CXCM0006,MLF3C,XCM0006,7,360,2024-03-14 09:35:45
3074,320MLF2WXSB0007,MLF2W,XSB0007,7,362,2024-03-14 09:35:45
3075,320MLF2WXSB0006,MLF2W,XSB0006,7,362,2024-03-14 09:35:45
3076,320MLF2WXSB0005,MLF2W,XSB0005,7,362,2024-03-14 09:35:45
3077,320MLF2WXSB0004,MLF2W,XSB0004,7,362,2024-03-14 09:35:45
3078,320MLF2WXSB0003,MLF2W,XSB0003,7,362,2024-03-14 09:35:45
3079,320MLF2WXSB0002,MLF2W,XSB0002,7,362,2024-03-14 09:35:45
3080,320MLF2WXSB0001,MLF2W,XSB0001,7,362,2024-03-14 09:35:45
3081,320MLF2WXSB0009,MLF2W,XSB0009,7,362,2024-03-14 09:35:45
3082,320MLF2WXSB0008,MLF2W,XSB0008,7,362,2024-03-14 09:35:45
3083,320EH03F0000001,EH03F0,000001,22,488,2024-03-14 09:35:45
3084,320EH03F0000002,EH03F0,000002,22,488,2024-03-14 09:35:45
3085,320EH03F0000003,EH03F0,000003,22,488,2024-03-14 09:35:45
3086,320EH03F0000004,EH03F0,000004,22,488,2024-03-14 09:35:45
3087,320EH03F0000005,EH03F0,000005,22,488,2024-03-14 09:35:45
3088,320EH03F0000006,EH03F0,000006,22,488,2024-03-14 09:35:45
3089,320EH03F0000007,EH03F0,000007,22,488,2024-03-14 09:35:45
3090,320EH03F0000008,EH03F0,000008,22,488,2024-03-14 09:35:45
3091,320EH03F0000009,EH03F0,000009,22,488,2024-03-14 09:35:45
3092,320MLF3WXIH0006,MLF3W,XIH0006,7,364,2024-03-14 09:35:45
3093,320MLF3WXIH0007,MLF3W,XIH0007,7,364,2024-03-14 09:35:45
3094,320MLF3WXIH0004,MLF3W,XIH0004,7,364,2024-03-14 09:35:45
3095,320MLF2CXTT0003,MLF2C,XTT0003,7,377,2024-03-14 09:35:45
3096,320MLF3WXIH0002,MLF3W,XIH0002,7,364,2024-03-14 09:35:45
3097,320MLF3WXIH0003,MLF3W,XIH0003,7,364,2024-03-14 09:35:45
3098,320MLF3WXIH0001,MLF3W,XIH0001,7,364,2024-03-14 09:35:45
3099,320MLF3WXIH0008,MLF3W,XIH0008,7,364,2024-03-14 09:35:45
3100,320MLF3WXIH0009,MLF3W,XIH0009,7,364,2024-03-14 09:35:45
3101,320WW10A1000012,WW10A1,000012,4,102,2024-03-14 09:35:45
3102,320WW10A1000013,WW10A1,000013,4,102,2024-03-14 09:35:45
3103,320WW10A1000010,WW10A1,000010,4,102,2024-03-14 09:35:45
3104,320WW10A1000011,WW10A1,000011,4,102,2024-03-14 09:35:45
3105,320TC9910050008,TC99,10050008,2,82,2024-03-14 09:35:46
3106,320TC9910050001,TC99,10050001,2,82,2024-03-14 09:35:46
3107,320MHF1CXSB0008,MHF1C,XSB0008,8,379,2024-03-14 09:35:46
3108,320TC9910050003,TC99,10050003,2,82,2024-03-14 09:35:46
3109,320TC9910050002,TC99,10050002,2,82,2024-03-14 09:35:46
3110,320TC9910050005,TC99,10050005,2,82,2024-03-14 09:35:46
3111,320TC9910050004,TC99,10050004,2,82,2024-03-14 09:35:46
3112,320TC9910050007,TC99,10050007,2,82,2024-03-14 09:35:46
3113,320TC9910050006,TC99,10050006,2,82,2024-03-14 09:35:46
3114,320MHF1CXNT0008,MHF1C,XNT0008,8,379,2024-03-14 09:35:46
3115,320MLF3WSBX0003,MLF3W,SBX0003,7,364,2024-03-14 09:35:46
3116,320TC9910200006,TC99,10200006,2,82,2024-03-14 09:35:46
3117,320TC9910200007,TC99,10200007,2,82,2024-03-14 09:35:46
3118,320TC9910200004,TC99,10200004,2,82,2024-03-14 09:35:46
3119,320TC9910200005,TC99,10200005,2,82,2024-03-14 09:35:46
3120,320TC9910200002,TC99,10200002,2,82,2024-03-14 09:35:46
3121,320TC9910200003,TC99,10200003,2,82,2024-03-14 09:35:46
3122,320TC9910200001,TC99,10200001,2,82,2024-03-14 09:35:46
3123,320TC9910200008,TC99,10200008,2,82,2024-03-14 09:35:46
3124,320CBTXB2000038,XXXXXX,000038,1,1,2024-03-14 09:35:46
3125,320CBTXB2000039,XXXXXX,000039,1,1,2024-03-14 09:35:46
3126,320TC9910220004,TC99,10220004,2,82,2024-03-14 09:35:46
3127,320TC9910220005,TC99,10220005,2,82,2024-03-14 09:35:46
3128,320TC9910220006,TC99,10220006,2,82,2024-03-14 09:35:46
3129,320TC9910220007,TC99,10220007,2,82,2024-03-14 09:35:46
3130,320TC9910220001,TC99,10220001,2,82,2024-03-14 09:35:46
3131,320TC9910220002,TC99,10220002,2,82,2024-03-14 09:35:46
3132,320TC9910220003,TC99,10220003,2,82,2024-03-14 09:35:46
3133,320TC9910220008,TC99,10220008,2,82,2024-03-14 09:35:46
3134,320BC9000040001,BC90,00040001,6,89,2024-03-14 09:35:46
3135,320BC9000040002,BC90,00040002,6,89,2024-03-14 09:35:46
3136,320BC9000040005,BC90,00040005,6,89,2024-03-14 09:35:46
3137,320BC9000040007,BC90,00040007,6,89,2024-03-14 09:35:46
3138,320CBTXD2000007,XXXXXX,000007,1,1,2024-03-14 09:35:46
3139,320CBTXD2000006,XXXXXX,000006,1,1,2024-03-14 09:35:46
3140,320CBTXD2000005,XXXXXX,000005,1,1,2024-03-14 09:35:46
3141,320CBTXD2000004,XXXXXX,000004,1,1,2024-03-14 09:35:46
3142,320CBTXD2000003,XXXXXX,000003,1,1,2024-03-14 09:35:46
3143,320CBTXD2000002,XXXXXX,000002,1,1,2024-03-14 09:35:46
3144,320CBTXD2000001,XXXXXX,000001,1,1,2024-03-14 09:35:46
3145,320CBTXD2000009,XXXXXX,000009,1,1,2024-03-14 09:35:46
3146,320CBTXD2000008,XXXXXX,000008,1,1,2024-03-14 09:35:46
3147,320TC9910390001,TC99,10390001,2,82,2024-03-14 09:35:46
3148,320TC9910390002,TC99,10390002,2,82,2024-03-14 09:35:46
3149,320TC9910390003,TC99,10390003,2,82,2024-03-14 09:35:46
3150,320TC9910390004,TC99,10390004,2,82,2024-03-14 09:35:46
3151,320TC9910390005,TC99,10390005,2,82,2024-03-14 09:35:46
3152,320CBTXC2000008,XXXXXX,000008,1,1,2024-03-14 09:35:46
3153,320CBTXC2000009,XXXXXX,000009,1,1,2024-03-14 09:35:46
3154,320CBTXC2000006,XXXXXX,000006,1,1,2024-03-14 09:35:46
3155,320CBTXC2000007,XXXXXX,000007,1,1,2024-03-14 09:35:47
3156,320CBTXC2000004,XXXXXX,000004,1,1,2024-03-14 09:35:47
3157,320CBTXC2000005,XXXXXX,000005,1,1,2024-03-14 09:35:47
3158,320CBTXC2000002,XXXXXX,000002,1,1,2024-03-14 09:35:47
3159,320CBTXC2000003,XXXXXX,000003,1,1,2024-03-14 09:35:47
3160,320CBTXC2000001,XXXXXX,000001,1,1,2024-03-14 09:35:47
3161,320CBTXD2000039,XXXXXX,000039,1,1,2024-03-14 09:35:47
3162,320WE10A1000010,WE10A1,000010,17,102,2024-03-14 09:35:47
3163,320WE10A1000012,WE10A1,000012,17,102,2024-03-14 09:35:47
3164,320WE10A1000013,WE10A1,000013,17,102,2024-03-14 09:35:47
3165,320TC9910120018,TC99,10120018,2,82,2024-03-14 09:35:47
3166,320TC9910090017,TC99,10090017,2,82,2024-03-14 09:35:47
3167,320TC9910320007,TC99,10320007,2,82,2024-03-14 09:35:47
3168,320TC9910090018,TC99,10090018,2,82,2024-03-14 09:35:47
3169,320TC9910090019,TC99,10090019,2,82,2024-03-14 09:35:47
3170,320TC9910120017,TC99,10120017,2,82,2024-03-14 09:35:47
3171,320BC9000150002,BC90,00150002,6,89,2024-03-14 09:35:47
3172,320BC9000150003,BC90,00150003,6,89,2024-03-14 09:35:47
3173,320BC9000150001,BC90,00150001,6,89,2024-03-14 09:35:47
3174,320BC9000150006,BC90,00150006,6,89,2024-03-14 09:35:47
3175,320BC9000150007,BC90,00150007,6,89,2024-03-14 09:35:47
3176,320BC9000150004,BC90,00150004,6,89,2024-03-14 09:35:47
3177,320BC9000150005,BC90,00150005,6,89,2024-03-14 09:35:47
3178,320BC9000130004,BC90,00130004,6,89,2024-03-14 09:35:47
3179,320TC9910410001,TC99,10410001,2,82,2024-03-14 09:35:47
3180,320TC9910410003,TC99,10410003,2,82,2024-03-14 09:35:47
3181,320TC9910410002,TC99,10410002,2,82,2024-03-14 09:35:47
3182,320TC9910410005,TC99,10410005,2,82,2024-03-14 09:35:47
3183,320TC9910410004,TC99,10410004,2,82,2024-03-14 09:35:47
3184,320TC9910410007,TC99,10410007,2,82,2024-03-14 09:35:47
3185,320BC9000130005,BC90,00130005,6,89,2024-03-14 09:35:47
3186,320TC9910410008,TC99,10410008,2,82,2024-03-14 09:35:47
3187,320TC9910310008,TC99,10310008,2,82,2024-03-14 09:35:47
3188,320TC9910310001,TC99,10310001,2,82,2024-03-14 09:35:47
3189,320TC9910310002,TC99,10310002,2,82,2024-03-14 09:35:47
3190,320TC9910310003,TC99,10310003,2,82,2024-03-14 09:35:47
3191,320TC9910310004,TC99,10310004,2,82,2024-03-14 09:35:47
3192,320TC9910310005,TC99,10310005,2,82,2024-03-14 09:35:47
3193,320TC9910310006,TC99,10310006,2,82,2024-03-14 09:35:47
3194,320TC9910310007,TC99,10310007,2,82,2024-03-14 09:35:47
3195,320TC9910320004,TC99,10320004,2,82,2024-03-14 09:35:47
3196,320BC9000130006,BC90,00130006,6,89,2024-03-14 09:35:47
3197,3200300000007,XXXXXX,0007,1,1,2024-03-14 09:35:47
3198,3200300000006,XXXXXX,0006,1,1,2024-03-14 09:35:47
3199,3200300000005,XXXXXX,0005,1,1,2024-03-14 09:35:47
3200,3200300000004,XXXXXX,0004,1,1,2024-03-14 09:35:47
3201,3200300000003,XXXXXX,0003,1,1,2024-03-14 09:35:47
3202,3200300000002,XXXXXX,0002,1,1,2024-03-14 09:35:47
3203,3200300000001,XXXXXX,0001,1,1,2024-03-14 09:35:48
3204,3200300000009,XXXXXX,0009,1,1,2024-03-14 09:35:48
3205,3200300000008,XXXXXX,0008,1,1,2024-03-14 09:35:48
3206,320BC9000130001,BC90,00130001,6,89,2024-03-14 09:35:48
3207,320BC9000070003,BC90,00070003,6,89,2024-03-14 09:35:48
3208,320BC9000070002,BC90,00070002,6,89,2024-03-14 09:35:48
3209,320BC9000070001,BC90,00070001,6,89,2024-03-14 09:35:48
3210,320TC9910440007,TC99,10440007,2,82,2024-03-14 09:35:48
3211,320BC9000070007,BC90,00070007,6,89,2024-03-14 09:35:48
3212,320BC9000130002,BC90,00130002,6,89,2024-03-14 09:35:48
3213,320BC9000070006,BC90,00070006,6,89,2024-03-14 09:35:48
3214,320BC9000070005,BC90,00070005,6,89,2024-03-14 09:35:48
3215,320BC9000070004,BC90,00070004,6,89,2024-03-14 09:35:48
3216,320BC9000130003,BC90,00130003,6,89,2024-03-14 09:35:48
3217,320MLF2WXSB0010,MLF2W,XSB0010,7,362,2024-03-14 09:35:48
3218,320BC9000080004,BC90,00080004,6,89,2024-03-14 09:35:48
3219,320BC9000080005,BC90,00080005,6,89,2024-03-14 09:35:48
3220,320BC9000080006,BC90,00080006,6,89,2024-03-14 09:35:48
3221,320BC9000080007,BC90,00080007,6,89,2024-03-14 09:35:48
3222,320BC9000080001,BC90,00080001,6,89,2024-03-14 09:35:48
3223,320BC9000080002,BC90,00080002,6,89,2024-03-14 09:35:48
3224,320BC9000080003,BC90,00080003,6,89,2024-03-14 09:35:48
3225,320MHF1WXNT0009,MHF1W,XNT0009,8,386,2024-03-14 09:35:48
3226,320MHF1WXNT0008,MHF1W,XNT0008,8,386,2024-03-14 09:35:48
3227,320MHF1WXNT0007,MHF1W,XNT0007,8,386,2024-03-14 09:35:48
3228,320BC9910110014,BC99,10110014,6,82,2024-03-14 09:35:48
3229,320MLF3W3SB0001,MLF3W,3SB0001,7,364,2024-03-14 09:35:48
3230,320MLF3W3SB0003,MLF3W,3SB0003,7,364,2024-03-14 09:35:48
3231,320MLF3W3SB0002,MLF3W,3SB0002,7,364,2024-03-14 09:35:48
3232,320MLF3W3SB0005,MLF3W,3SB0005,7,364,2024-03-14 09:35:49
3233,320MLF3W3SB0004,MLF3W,3SB0004,7,364,2024-03-14 09:35:49
3234,320MLF3W3SB0007,MLF3W,3SB0007,7,364,2024-03-14 09:35:49
3235,320MLF3W3SB0006,MLF3W,3SB0006,7,364,2024-03-14 09:35:49
3236,320MLF3W3SB0009,MLF3W,3SB0009,7,364,2024-03-14 09:35:49
3237,320MLF3W3SB0008,MLF3W,3SB0008,7,364,2024-03-14 09:35:49
3238,320TI9910010003,TI99,10010003,19,82,2024-03-14 09:35:49
